-- Delete old tables
SET FOREIGN_KEY_CHECKS = 0;
DROP TABLE IF EXISTS `licee`;
DROP TABLE IF EXISTS `specializari`;
DROP TABLE IF EXISTS `medii_admitere`;
SET FOREIGN_KEY_CHECKS = 1;

-- Create tables
CREATE TABLE licee (
  id_liceu VARCHAR(20) PRIMARY KEY,
  nume VARCHAR(200),
  tip VARCHAR(100),
  sector INT CHECK(sector >= 1 AND sector <= 6),
  adresa VARCHAR(255)
);

CREATE TABLE specializari (
  id_specializare INT AUTO_INCREMENT PRIMARY KEY,
  id_liceu VARCHAR(20),
  profil VARCHAR(150),
  specializare VARCHAR(150),
  limba VARCHAR(100),
  bilingv VARCHAR(100),
  cod_specializare INT UNIQUE,
  medie_actuala DECIMAL(4,2),
  FOREIGN KEY (id_liceu) REFERENCES licee(id_liceu)
);

CREATE TABLE medii_admitere (
  cod_specializare INT,
  an INT,
  medie DECIMAL(4,2),
  FOREIGN KEY (cod_specializare) REFERENCES specializari(cod_specializare)
);

-- Insert Data
INSERT INTO licee (id_liceu, nume, tip, sector, adresa) VALUES ('Lic078', '"Sfântul Sava"', 'Colegiul Național', 1, 'S1 STR Berthelot Henri Mathias, g-ral. NR 23');
INSERT INTO specializari (id_liceu, profil, specializare, limba, bilingv, cod_specializare, medie_actuala) VALUES ('Lic078', 'Real', 'Matematică-Informatică', 'Limba română', 'Limba engleză(cu examen)', '102', '9.82');
INSERT INTO medii_admitere (cod_specializare, an, medie) VALUES ('102', '2025', '9.82');
INSERT INTO medii_admitere (cod_specializare, an, medie) VALUES ('102', '2024', '9.90');
INSERT INTO medii_admitere (cod_specializare, an, medie) VALUES ('102', '2023', '9.95');
INSERT INTO medii_admitere (cod_specializare, an, medie) VALUES ('102', '2022', '9.89');
INSERT INTO medii_admitere (cod_specializare, an, medie) VALUES ('102', '2021', '9.84');
INSERT INTO medii_admitere (cod_specializare, an, medie) VALUES ('102', '2020', '9.98');INSERT INTO licee (id_liceu, nume, tip, sector, adresa) VALUES ('Lic035', '"Gheorghe Lazăr"', 'Colegiul Național', 5, 'S5 STR Regina Elisabeta NR 48');
INSERT INTO specializari (id_liceu, profil, specializare, limba, bilingv, cod_specializare, medie_actuala) VALUES ('Lic035', 'Real', 'Matematică-Informatică', 'Limba română', NULL, '344', '9.82');
INSERT INTO medii_admitere (cod_specializare, an, medie) VALUES ('344', '2025', '9.82');
INSERT INTO medii_admitere (cod_specializare, an, medie) VALUES ('344', '2024', '9.85');
INSERT INTO medii_admitere (cod_specializare, an, medie) VALUES ('344', '2023', '9.90');
INSERT INTO medii_admitere (cod_specializare, an, medie) VALUES ('344', '2022', '9.84');
INSERT INTO medii_admitere (cod_specializare, an, medie) VALUES ('344', '2021', '9.79');
INSERT INTO medii_admitere (cod_specializare, an, medie) VALUES ('344', '2020', '9.90');INSERT INTO licee (id_liceu, nume, tip, sector, adresa) VALUES ('Lic079', '"Spiru Haret"', 'Colegiul Național', 2, 'S2 STR Italiană NR 17');
INSERT INTO specializari (id_liceu, profil, specializare, limba, bilingv, cod_specializare, medie_actuala) VALUES ('Lic079', 'Real', 'Matematică-Informatică', 'Limba română', 'Limba engleză(cu examen)', '196', '9.80');
INSERT INTO medii_admitere (cod_specializare, an, medie) VALUES ('196', '2025', '9.80');
INSERT INTO medii_admitere (cod_specializare, an, medie) VALUES ('196', '2024', '9.80');
INSERT INTO medii_admitere (cod_specializare, an, medie) VALUES ('196', '2023', '9.85');
INSERT INTO medii_admitere (cod_specializare, an, medie) VALUES ('196', '2022', '9.79');
INSERT INTO medii_admitere (cod_specializare, an, medie) VALUES ('196', '2021', '9.62');
INSERT INTO medii_admitere (cod_specializare, an, medie) VALUES ('196', '2020', '9.84');INSERT INTO specializari (id_liceu, profil, specializare, limba, bilingv, cod_specializare, medie_actuala) VALUES ('Lic035', 'Real', 'Științe ale Naturii', 'Limba română', NULL, '345', '9.80');
INSERT INTO medii_admitere (cod_specializare, an, medie) VALUES ('345', '2025', '9.80');
INSERT INTO medii_admitere (cod_specializare, an, medie) VALUES ('345', '2024', '9.80');
INSERT INTO medii_admitere (cod_specializare, an, medie) VALUES ('345', '2023', '9.85');
INSERT INTO medii_admitere (cod_specializare, an, medie) VALUES ('345', '2022', '9.80');
INSERT INTO medii_admitere (cod_specializare, an, medie) VALUES ('345', '2021', '9.72');
INSERT INTO medii_admitere (cod_specializare, an, medie) VALUES ('345', '2020', '9.84');INSERT INTO specializari (id_liceu, profil, specializare, limba, bilingv, cod_specializare, medie_actuala) VALUES ('Lic078', 'Real', 'Științe ale Naturii', 'Limba română', NULL, '103', '9.82');
INSERT INTO medii_admitere (cod_specializare, an, medie) VALUES ('103', '2025', '9.82');
INSERT INTO medii_admitere (cod_specializare, an, medie) VALUES ('103', '2024', '9.72');
INSERT INTO medii_admitere (cod_specializare, an, medie) VALUES ('103', '2023', '9.85');
INSERT INTO medii_admitere (cod_specializare, an, medie) VALUES ('103', '2022', '9.87');
INSERT INTO medii_admitere (cod_specializare, an, medie) VALUES ('103', '2021', '9.73');
INSERT INTO medii_admitere (cod_specializare, an, medie) VALUES ('103', '2020', '9.84');INSERT INTO specializari (id_liceu, profil, specializare, limba, bilingv, cod_specializare, medie_actuala) VALUES ('Lic079', 'Real', 'Matematică-Informatică', 'Limba română', NULL, '195', '9.75');
INSERT INTO medii_admitere (cod_specializare, an, medie) VALUES ('195', '2025', '9.75');
INSERT INTO medii_admitere (cod_specializare, an, medie) VALUES ('195', '2024', '9.72');
INSERT INTO medii_admitere (cod_specializare, an, medie) VALUES ('195', '2023', '9.77');
INSERT INTO medii_admitere (cod_specializare, an, medie) VALUES ('195', '2022', '9.73');
INSERT INTO medii_admitere (cod_specializare, an, medie) VALUES ('195', '2021', '9.49');
INSERT INTO medii_admitere (cod_specializare, an, medie) VALUES ('195', '2020', '9.75');INSERT INTO licee (id_liceu, nume, tip, sector, adresa) VALUES ('Lic087', '"Tudor Vianu"', 'Colegiul Național de Informatică', 1, 'S1 STR Mincu Ion, arh. NR 10');
INSERT INTO specializari (id_liceu, profil, specializare, limba, bilingv, cod_specializare, medie_actuala) VALUES ('Lic087', 'Real', 'Matematică-Informatică', 'Limba română', 'Limba germană(fără examen)', '116', '9.67');
INSERT INTO medii_admitere (cod_specializare, an, medie) VALUES ('116', '2025', '9.67');
INSERT INTO medii_admitere (cod_specializare, an, medie) VALUES ('116', '2024', '9.70');
INSERT INTO medii_admitere (cod_specializare, an, medie) VALUES ('116', '2023', '9.72');
INSERT INTO medii_admitere (cod_specializare, an, medie) VALUES ('116', '2022', '9.68');
INSERT INTO medii_admitere (cod_specializare, an, medie) VALUES ('116', '2021', '9.54');
INSERT INTO medii_admitere (cod_specializare, an, medie) VALUES ('116', '2020', '9.75');INSERT INTO specializari (id_liceu, profil, specializare, limba, bilingv, cod_specializare, medie_actuala) VALUES ('Lic079', 'Real', 'Științe ale Naturii', 'Limba română', NULL, '197', '9.72');
INSERT INTO medii_admitere (cod_specializare, an, medie) VALUES ('197', '2025', '9.72');
INSERT INTO medii_admitere (cod_specializare, an, medie) VALUES ('197', '2024', '9.67');
INSERT INTO medii_admitere (cod_specializare, an, medie) VALUES ('197', '2023', '9.75');
INSERT INTO medii_admitere (cod_specializare, an, medie) VALUES ('197', '2022', '9.68');
INSERT INTO medii_admitere (cod_specializare, an, medie) VALUES ('197', '2021', '9.47');
INSERT INTO medii_admitere (cod_specializare, an, medie) VALUES ('197', '2020', '9.68');INSERT INTO specializari (id_liceu, profil, specializare, limba, bilingv, cod_specializare, medie_actuala) VALUES ('Lic078', 'Real', 'Matematică-Informatică', 'Limba română', NULL, '101', '9.72');
INSERT INTO medii_admitere (cod_specializare, an, medie) VALUES ('101', '2025', '9.72');
INSERT INTO medii_admitere (cod_specializare, an, medie) VALUES ('101', '2024', '9.67');
INSERT INTO medii_admitere (cod_specializare, an, medie) VALUES ('101', '2023', '9.75');
INSERT INTO medii_admitere (cod_specializare, an, medie) VALUES ('101', '2022', '9.77');
INSERT INTO medii_admitere (cod_specializare, an, medie) VALUES ('101', '2021', '9.64');
INSERT INTO medii_admitere (cod_specializare, an, medie) VALUES ('101', '2020', '9.81');INSERT INTO specializari (id_liceu, profil, specializare, limba, bilingv, cod_specializare, medie_actuala) VALUES ('Lic035', 'Umanist', 'Științe Sociale', 'Limba română', NULL, '347', '9.65');
INSERT INTO medii_admitere (cod_specializare, an, medie) VALUES ('347', '2025', '9.65');
INSERT INTO medii_admitere (cod_specializare, an, medie) VALUES ('347', '2024', '9.65');
INSERT INTO medii_admitere (cod_specializare, an, medie) VALUES ('347', '2023', '9.72');
INSERT INTO medii_admitere (cod_specializare, an, medie) VALUES ('347', '2022', '9.69');
INSERT INTO medii_admitere (cod_specializare, an, medie) VALUES ('347', '2021', '9.59');
INSERT INTO medii_admitere (cod_specializare, an, medie) VALUES ('347', '2020', '9.73');INSERT INTO specializari (id_liceu, profil, specializare, limba, bilingv, cod_specializare, medie_actuala) VALUES ('Lic087', 'Real', 'Matematică-Informatică', 'Limba română', NULL, '115', '9.62');
INSERT INTO medii_admitere (cod_specializare, an, medie) VALUES ('115', '2025', '9.62');
INSERT INTO medii_admitere (cod_specializare, an, medie) VALUES ('115', '2024', '9.62');
INSERT INTO medii_admitere (cod_specializare, an, medie) VALUES ('115', '2023', '9.70');
INSERT INTO medii_admitere (cod_specializare, an, medie) VALUES ('115', '2022', '9.68');
INSERT INTO medii_admitere (cod_specializare, an, medie) VALUES ('115', '2021', '9.52');
INSERT INTO medii_admitere (cod_specializare, an, medie) VALUES ('115', '2020', '9.76');INSERT INTO licee (id_liceu, nume, tip, sector, adresa) VALUES ('Lic044', '"I.L.Caragiale"', 'Colegiul Național', 1, 'S1 STR Dorobanți NR 163');
INSERT INTO specializari (id_liceu, profil, specializare, limba, bilingv, cod_specializare, medie_actuala) VALUES ('Lic044', 'Real', 'Matematică-Informatică', 'Limba română', 'Limba engleză(cu examen)', '108', '9.60');
INSERT INTO medii_admitere (cod_specializare, an, medie) VALUES ('108', '2025', '9.60');
INSERT INTO medii_admitere (cod_specializare, an, medie) VALUES ('108', '2024', '9.60');
INSERT INTO medii_admitere (cod_specializare, an, medie) VALUES ('108', '2023', '9.67');
INSERT INTO medii_admitere (cod_specializare, an, medie) VALUES ('108', '2022', '9.60');
INSERT INTO medii_admitere (cod_specializare, an, medie) VALUES ('108', '2021', '9.41');
INSERT INTO medii_admitere (cod_specializare, an, medie) VALUES ('108', '2020', '9.60');INSERT INTO specializari (id_liceu, profil, specializare, limba, bilingv, cod_specializare, medie_actuala) VALUES ('Lic035', 'Umanist', 'Filologie', 'Limba română', NULL, '346', '9.62');
INSERT INTO medii_admitere (cod_specializare, an, medie) VALUES ('346', '2025', '9.62');
INSERT INTO medii_admitere (cod_specializare, an, medie) VALUES ('346', '2024', '9.57');
INSERT INTO medii_admitere (cod_specializare, an, medie) VALUES ('346', '2023', '9.65');
INSERT INTO medii_admitere (cod_specializare, an, medie) VALUES ('346', '2022', '9.63');
INSERT INTO medii_admitere (cod_specializare, an, medie) VALUES ('346', '2021', '9.56');
INSERT INTO medii_admitere (cod_specializare, an, medie) VALUES ('346', '2020', '9.69');INSERT INTO licee (id_liceu, nume, tip, sector, adresa) VALUES ('Lic039', '"Grigore Moisil"', 'Colegiul Național', 6, 'S6 STR Timișoara NR 33');
INSERT INTO specializari (id_liceu, profil, specializare, limba, bilingv, cod_specializare, medie_actuala) VALUES ('Lic039', 'Real', 'Matematică-Informatică', 'Limba română', NULL, '379', '9.52');
INSERT INTO medii_admitere (cod_specializare, an, medie) VALUES ('379', '2025', '9.52');
INSERT INTO medii_admitere (cod_specializare, an, medie) VALUES ('379', '2024', '9.52');
INSERT INTO medii_admitere (cod_specializare, an, medie) VALUES ('379', '2023', '9.67');
INSERT INTO medii_admitere (cod_specializare, an, medie) VALUES ('379', '2022', '9.65');
INSERT INTO medii_admitere (cod_specializare, an, medie) VALUES ('379', '2021', '9.50');
INSERT INTO medii_admitere (cod_specializare, an, medie) VALUES ('379', '2020', '9.63');INSERT INTO licee (id_liceu, nume, tip, sector, adresa) VALUES ('Lic032', '"George Coșbuc"', 'Colegiul Național Bilingv', 2, 'S2 STR Olari NR 29-31');
INSERT INTO specializari (id_liceu, profil, specializare, limba, bilingv, cod_specializare, medie_actuala) VALUES ('Lic032', 'Real', 'Științe ale Naturii', 'Limba română', 'Limba engleză(cu examen)', '201', '9.57');
INSERT INTO medii_admitere (cod_specializare, an, medie) VALUES ('201', '2025', '9.57');
INSERT INTO medii_admitere (cod_specializare, an, medie) VALUES ('201', '2024', '9.52');
INSERT INTO medii_admitere (cod_specializare, an, medie) VALUES ('201', '2023', '9.67');
INSERT INTO medii_admitere (cod_specializare, an, medie) VALUES ('201', '2022', '9.68');
INSERT INTO medii_admitere (cod_specializare, an, medie) VALUES ('201', '2021', '9.47');
INSERT INTO medii_admitere (cod_specializare, an, medie) VALUES ('201', '2020', '9.60');INSERT INTO specializari (id_liceu, profil, specializare, limba, bilingv, cod_specializare, medie_actuala) VALUES ('Lic032', 'Real', 'Matematică-Informatică', 'Limba română', 'Limba engleză(cu examen)', '200', '9.50');
INSERT INTO medii_admitere (cod_specializare, an, medie) VALUES ('200', '2025', '9.50');
INSERT INTO medii_admitere (cod_specializare, an, medie) VALUES ('200', '2024', '9.52');
INSERT INTO medii_admitere (cod_specializare, an, medie) VALUES ('200', '2023', '9.67');
INSERT INTO medii_admitere (cod_specializare, an, medie) VALUES ('200', '2022', '9.69');
INSERT INTO medii_admitere (cod_specializare, an, medie) VALUES ('200', '2021', '9.55');
INSERT INTO medii_admitere (cod_specializare, an, medie) VALUES ('200', '2020', '9.62');INSERT INTO specializari (id_liceu, profil, specializare, limba, bilingv, cod_specializare, medie_actuala) VALUES ('Lic078', 'Umanist', 'Filologie', 'Limba română', NULL, '104', '9.60');
INSERT INTO medii_admitere (cod_specializare, an, medie) VALUES ('104', '2025', '9.60');
INSERT INTO medii_admitere (cod_specializare, an, medie) VALUES ('104', '2024', '9.52');
INSERT INTO medii_admitere (cod_specializare, an, medie) VALUES ('104', '2023', '9.67');
INSERT INTO medii_admitere (cod_specializare, an, medie) VALUES ('104', '2022', '9.66');
INSERT INTO medii_admitere (cod_specializare, an, medie) VALUES ('104', '2021', '9.51');
INSERT INTO medii_admitere (cod_specializare, an, medie) VALUES ('104', '2020', '9.67');INSERT INTO specializari (id_liceu, profil, specializare, limba, bilingv, cod_specializare, medie_actuala) VALUES ('Lic039', 'Real', 'Științe ale Naturii', 'Limba română', NULL, '380', '9.60');
INSERT INTO medii_admitere (cod_specializare, an, medie) VALUES ('380', '2025', '9.60');
INSERT INTO medii_admitere (cod_specializare, an, medie) VALUES ('380', '2024', '9.50');
INSERT INTO medii_admitere (cod_specializare, an, medie) VALUES ('380', '2023', '9.67');
INSERT INTO medii_admitere (cod_specializare, an, medie) VALUES ('380', '2022', '9.63');
INSERT INTO medii_admitere (cod_specializare, an, medie) VALUES ('380', '2021', '9.45');
INSERT INTO medii_admitere (cod_specializare, an, medie) VALUES ('380', '2020', '9.60');INSERT INTO specializari (id_liceu, profil, specializare, limba, bilingv, cod_specializare, medie_actuala) VALUES ('Lic079', 'Umanist', 'Științe Sociale', 'Limba română', NULL, '199', '9.57');
INSERT INTO medii_admitere (cod_specializare, an, medie) VALUES ('199', '2025', '9.57');
INSERT INTO medii_admitere (cod_specializare, an, medie) VALUES ('199', '2024', '9.50');
INSERT INTO medii_admitere (cod_specializare, an, medie) VALUES ('199', '2023', '9.60');
INSERT INTO medii_admitere (cod_specializare, an, medie) VALUES ('199', '2022', '9.57');
INSERT INTO medii_admitere (cod_specializare, an, medie) VALUES ('199', '2021', '9.35');
INSERT INTO medii_admitere (cod_specializare, an, medie) VALUES ('199', '2020', '9.60');INSERT INTO specializari (id_liceu, profil, specializare, limba, bilingv, cod_specializare, medie_actuala) VALUES ('Lic044', 'Real', 'Științe ale Naturii', 'Limba română', NULL, '109', '9.55');
INSERT INTO medii_admitere (cod_specializare, an, medie) VALUES ('109', '2025', '9.55');
INSERT INTO medii_admitere (cod_specializare, an, medie) VALUES ('109', '2024', '9.48');
INSERT INTO medii_admitere (cod_specializare, an, medie) VALUES ('109', '2023', '9.55');
INSERT INTO medii_admitere (cod_specializare, an, medie) VALUES ('109', '2022', '9.51');
INSERT INTO medii_admitere (cod_specializare, an, medie) VALUES ('109', '2021', '9.29');
INSERT INTO medii_admitere (cod_specializare, an, medie) VALUES ('109', '2020', '9.49');INSERT INTO specializari (id_liceu, profil, specializare, limba, bilingv, cod_specializare, medie_actuala) VALUES ('Lic044', 'Real', 'Matematică-Informatică', 'Limba română', 'Limba germană(cu examen)', '106', '9.72');
INSERT INTO medii_admitere (cod_specializare, an, medie) VALUES ('106', '2025', '9.72');
INSERT INTO medii_admitere (cod_specializare, an, medie) VALUES ('106', '2024', '9.47');
INSERT INTO medii_admitere (cod_specializare, an, medie) VALUES ('106', '2023', '9.60');
INSERT INTO medii_admitere (cod_specializare, an, medie) VALUES ('106', '2022', '9.47');
INSERT INTO medii_admitere (cod_specializare, an, medie) VALUES ('106', '2021', '9.21');
INSERT INTO medii_admitere (cod_specializare, an, medie) VALUES ('106', '2020', '9.54');INSERT INTO licee (id_liceu, nume, tip, sector, adresa) VALUES ('Lic062', '"Mihai Viteazul"', 'Colegiul Național', 2, 'S2 STR Protopopescu Pache NR 62');
INSERT INTO specializari (id_liceu, profil, specializare, limba, bilingv, cod_specializare, medie_actuala) VALUES ('Lic062', 'Real', 'Științe ale Naturii', 'Limba română', NULL, '185', '9.50');
INSERT INTO medii_admitere (cod_specializare, an, medie) VALUES ('185', '2025', '9.50');
INSERT INTO medii_admitere (cod_specializare, an, medie) VALUES ('185', '2024', '9.45');
INSERT INTO medii_admitere (cod_specializare, an, medie) VALUES ('185', '2023', '9.60');
INSERT INTO medii_admitere (cod_specializare, an, medie) VALUES ('185', '2022', '9.63');
INSERT INTO medii_admitere (cod_specializare, an, medie) VALUES ('185', '2021', '9.39');
INSERT INTO medii_admitere (cod_specializare, an, medie) VALUES ('185', '2020', '9.63');INSERT INTO specializari (id_liceu, profil, specializare, limba, bilingv, cod_specializare, medie_actuala) VALUES ('Lic044', 'Real', 'Matematică-Informatică', 'Limba română', 'Limba germană(fără examen)', '107', '9.60');
INSERT INTO medii_admitere (cod_specializare, an, medie) VALUES ('107', '2025', '9.60');
INSERT INTO medii_admitere (cod_specializare, an, medie) VALUES ('107', '2024', '9.45');
INSERT INTO medii_admitere (cod_specializare, an, medie) VALUES ('107', '2023', '9.60');
INSERT INTO medii_admitere (cod_specializare, an, medie) VALUES ('107', '2022', '9.53');
INSERT INTO medii_admitere (cod_specializare, an, medie) VALUES ('107', '2021', NULL);
INSERT INTO medii_admitere (cod_specializare, an, medie) VALUES ('107', '2020', '9.54');INSERT INTO licee (id_liceu, nume, tip, sector, adresa) VALUES ('Lic036', '"Gheorghe Șincai"', 'Colegiul Național', 4, 'S4 STR Șerban Vodă NR 167');
INSERT INTO specializari (id_liceu, profil, specializare, limba, bilingv, cod_specializare, medie_actuala) VALUES ('Lic036', 'Real', 'Științe ale Naturii', 'Limba română', NULL, '320', '9.52');
INSERT INTO medii_admitere (cod_specializare, an, medie) VALUES ('320', '2025', '9.52');
INSERT INTO medii_admitere (cod_specializare, an, medie) VALUES ('320', '2024', '9.45');
INSERT INTO medii_admitere (cod_specializare, an, medie) VALUES ('320', '2023', '9.52');
INSERT INTO medii_admitere (cod_specializare, an, medie) VALUES ('320', '2022', '9.47');
INSERT INTO medii_admitere (cod_specializare, an, medie) VALUES ('320', '2021', '9.25');
INSERT INTO medii_admitere (cod_specializare, an, medie) VALUES ('320', '2020', '9.67');INSERT INTO specializari (id_liceu, profil, specializare, limba, bilingv, cod_specializare, medie_actuala) VALUES ('Lic036', 'Real', 'Matematică-Informatică', 'Limba română', NULL, '319', '9.47');
INSERT INTO medii_admitere (cod_specializare, an, medie) VALUES ('319', '2025', '9.47');
INSERT INTO medii_admitere (cod_specializare, an, medie) VALUES ('319', '2024', '9.42');
INSERT INTO medii_admitere (cod_specializare, an, medie) VALUES ('319', '2023', '9.52');
INSERT INTO medii_admitere (cod_specializare, an, medie) VALUES ('319', '2022', '9.48');
INSERT INTO medii_admitere (cod_specializare, an, medie) VALUES ('319', '2021', '9.27');
INSERT INTO medii_admitere (cod_specializare, an, medie) VALUES ('319', '2020', '9.69');INSERT INTO licee (id_liceu, nume, tip, sector, adresa) VALUES ('Lic056', '"Matei Basarab"', 'Colegiul Național', 3, 'S3 STR Basarab Matei NR 32');
INSERT INTO specializari (id_liceu, profil, specializare, limba, bilingv, cod_specializare, medie_actuala) VALUES ('Lic056', 'Real', 'Matematică-Informatică', 'Limba română', NULL, '264', '9.55');
INSERT INTO medii_admitere (cod_specializare, an, medie) VALUES ('264', '2025', '9.55');
INSERT INTO medii_admitere (cod_specializare, an, medie) VALUES ('264', '2024', '9.42');
INSERT INTO medii_admitere (cod_specializare, an, medie) VALUES ('264', '2023', '9.50');
INSERT INTO medii_admitere (cod_specializare, an, medie) VALUES ('264', '2022', '9.44');
INSERT INTO medii_admitere (cod_specializare, an, medie) VALUES ('264', '2021', '9.18');
INSERT INTO medii_admitere (cod_specializare, an, medie) VALUES ('264', '2020', '9.54');INSERT INTO specializari (id_liceu, profil, specializare, limba, bilingv, cod_specializare, medie_actuala) VALUES ('Lic056', 'Real', 'Științe ale Naturii', 'Limba română', NULL, '265', '9.55');
INSERT INTO medii_admitere (cod_specializare, an, medie) VALUES ('265', '2025', '9.55');
INSERT INTO medii_admitere (cod_specializare, an, medie) VALUES ('265', '2024', '9.42');
INSERT INTO medii_admitere (cod_specializare, an, medie) VALUES ('265', '2023', '9.47');
INSERT INTO medii_admitere (cod_specializare, an, medie) VALUES ('265', '2022', '9.43');
INSERT INTO medii_admitere (cod_specializare, an, medie) VALUES ('265', '2021', '9.19');
INSERT INTO medii_admitere (cod_specializare, an, medie) VALUES ('265', '2020', '9.52');INSERT INTO licee (id_liceu, nume, tip, sector, adresa) VALUES ('Lic009', '"Cantemir Vodă"', 'Colegiul Național', 2, 'S2 STR Viitorului NR 60');
INSERT INTO specializari (id_liceu, profil, specializare, limba, bilingv, cod_specializare, medie_actuala) VALUES ('Lic009', 'Real', 'Matematică-Informatică', 'Limba română', 'Limba engleză(cu examen)', '187', '9.55');
INSERT INTO medii_admitere (cod_specializare, an, medie) VALUES ('187', '2025', '9.55');
INSERT INTO medii_admitere (cod_specializare, an, medie) VALUES ('187', '2024', '9.42');
INSERT INTO medii_admitere (cod_specializare, an, medie) VALUES ('187', '2023', '9.47');
INSERT INTO medii_admitere (cod_specializare, an, medie) VALUES ('187', '2022', '9.48');
INSERT INTO medii_admitere (cod_specializare, an, medie) VALUES ('187', '2021', '9.27');
INSERT INTO medii_admitere (cod_specializare, an, medie) VALUES ('187', '2020', '9.55');INSERT INTO specializari (id_liceu, profil, specializare, limba, bilingv, cod_specializare, medie_actuala) VALUES ('Lic079', 'Umanist', 'Filologie', 'Limba română', NULL, '198', '9.52');
INSERT INTO medii_admitere (cod_specializare, an, medie) VALUES ('198', '2025', '9.52');
INSERT INTO medii_admitere (cod_specializare, an, medie) VALUES ('198', '2024', '9.42');
INSERT INTO medii_admitere (cod_specializare, an, medie) VALUES ('198', '2023', '9.52');
INSERT INTO medii_admitere (cod_specializare, an, medie) VALUES ('198', '2022', '9.51');
INSERT INTO medii_admitere (cod_specializare, an, medie) VALUES ('198', '2021', '9.26');
INSERT INTO medii_admitere (cod_specializare, an, medie) VALUES ('198', '2020', '9.55');INSERT INTO specializari (id_liceu, profil, specializare, limba, bilingv, cod_specializare, medie_actuala) VALUES ('Lic032', 'Umanist', 'Științe Sociale', 'Limba română', 'Limba engleză(cu examen)', '203', '9.47');
INSERT INTO medii_admitere (cod_specializare, an, medie) VALUES ('203', '2025', '9.47');
INSERT INTO medii_admitere (cod_specializare, an, medie) VALUES ('203', '2024', '9.40');
INSERT INTO medii_admitere (cod_specializare, an, medie) VALUES ('203', '2023', '9.57');
INSERT INTO medii_admitere (cod_specializare, an, medie) VALUES ('203', '2022', '9.62');
INSERT INTO medii_admitere (cod_specializare, an, medie) VALUES ('203', '2021', '9.44');
INSERT INTO medii_admitere (cod_specializare, an, medie) VALUES ('203', '2020', '9.59');INSERT INTO specializari (id_liceu, profil, specializare, limba, bilingv, cod_specializare, medie_actuala) VALUES ('Lic044', 'Real', 'Matematică-Informatică', 'Limba română', NULL, '105', '9.47');
INSERT INTO medii_admitere (cod_specializare, an, medie) VALUES ('105', '2025', '9.47');
INSERT INTO medii_admitere (cod_specializare, an, medie) VALUES ('105', '2024', '9.40');
INSERT INTO medii_admitere (cod_specializare, an, medie) VALUES ('105', '2023', '9.50');
INSERT INTO medii_admitere (cod_specializare, an, medie) VALUES ('105', '2022', '9.47');
INSERT INTO medii_admitere (cod_specializare, an, medie) VALUES ('105', '2021', '9.20');
INSERT INTO medii_admitere (cod_specializare, an, medie) VALUES ('105', '2020', '9.49');INSERT INTO licee (id_liceu, nume, tip, sector, adresa) VALUES ('Lic051', '"Iulia Hașdeu"', 'Colegiul Național', 2, 'S2 STR Ferdinand I NR 91');
INSERT INTO specializari (id_liceu, profil, specializare, limba, bilingv, cod_specializare, medie_actuala) VALUES ('Lic051', 'Real', 'Matematică-Informatică', 'Limba română', 'Limba engleză(cu examen)', '190', '9.45');
INSERT INTO medii_admitere (cod_specializare, an, medie) VALUES ('190', '2025', '9.45');
INSERT INTO medii_admitere (cod_specializare, an, medie) VALUES ('190', '2024', '9.40');
INSERT INTO medii_admitere (cod_specializare, an, medie) VALUES ('190', '2023', '9.55');
INSERT INTO medii_admitere (cod_specializare, an, medie) VALUES ('190', '2022', '9.54');
INSERT INTO medii_admitere (cod_specializare, an, medie) VALUES ('190', '2021', '9.30');
INSERT INTO medii_admitere (cod_specializare, an, medie) VALUES ('190', '2020', '9.58');INSERT INTO licee (id_liceu, nume, tip, sector, adresa) VALUES ('Lic047', '"Ion Creangă"', 'Colegiul Național', 4, 'S4 STR Cuza Vodă NR 51');
INSERT INTO specializari (id_liceu, profil, specializare, limba, bilingv, cod_specializare, medie_actuala) VALUES ('Lic047', 'Real', 'Matematică-Informatică', 'Limba română', 'Limba engleză(cu examen)', '323', '9.45');
INSERT INTO medii_admitere (cod_specializare, an, medie) VALUES ('323', '2025', '9.45');
INSERT INTO medii_admitere (cod_specializare, an, medie) VALUES ('323', '2024', '9.37');
INSERT INTO medii_admitere (cod_specializare, an, medie) VALUES ('323', '2023', '9.55');
INSERT INTO medii_admitere (cod_specializare, an, medie) VALUES ('323', '2022', '9.57');
INSERT INTO medii_admitere (cod_specializare, an, medie) VALUES ('323', '2021', '9.29');
INSERT INTO medii_admitere (cod_specializare, an, medie) VALUES ('323', '2020', '9.52');INSERT INTO specializari (id_liceu, profil, specializare, limba, bilingv, cod_specializare, medie_actuala) VALUES ('Lic051', 'Real', 'Științe ale Naturii', 'Limba română', NULL, '191', '9.45');
INSERT INTO medii_admitere (cod_specializare, an, medie) VALUES ('191', '2025', '9.45');
INSERT INTO medii_admitere (cod_specializare, an, medie) VALUES ('191', '2024', '9.35');
INSERT INTO medii_admitere (cod_specializare, an, medie) VALUES ('191', '2023', '9.47');
INSERT INTO medii_admitere (cod_specializare, an, medie) VALUES ('191', '2022', '9.47');
INSERT INTO medii_admitere (cod_specializare, an, medie) VALUES ('191', '2021', '9.19');
INSERT INTO medii_admitere (cod_specializare, an, medie) VALUES ('191', '2020', '9.48');INSERT INTO specializari (id_liceu, profil, specializare, limba, bilingv, cod_specializare, medie_actuala) VALUES ('Lic056', 'Umanist', 'Științe Sociale', 'Limba română', NULL, '267', '9.47');
INSERT INTO medii_admitere (cod_specializare, an, medie) VALUES ('267', '2025', '9.47');
INSERT INTO medii_admitere (cod_specializare, an, medie) VALUES ('267', '2024', '9.35');
INSERT INTO medii_admitere (cod_specializare, an, medie) VALUES ('267', '2023', '9.45');
INSERT INTO medii_admitere (cod_specializare, an, medie) VALUES ('267', '2022', '9.36');
INSERT INTO medii_admitere (cod_specializare, an, medie) VALUES ('267', '2021', '9.16');
INSERT INTO medii_admitere (cod_specializare, an, medie) VALUES ('267', '2020', '9.49');INSERT INTO specializari (id_liceu, profil, specializare, limba, bilingv, cod_specializare, medie_actuala) VALUES ('Lic062', 'Real', 'Matematică-Informatică', 'Limba română', NULL, '184', '9.40');
INSERT INTO medii_admitere (cod_specializare, an, medie) VALUES ('184', '2025', '9.40');
INSERT INTO medii_admitere (cod_specializare, an, medie) VALUES ('184', '2024', '9.32');
INSERT INTO medii_admitere (cod_specializare, an, medie) VALUES ('184', '2023', '9.50');
INSERT INTO medii_admitere (cod_specializare, an, medie) VALUES ('184', '2022', '9.49');
INSERT INTO medii_admitere (cod_specializare, an, medie) VALUES ('184', '2021', '9.23');
INSERT INTO medii_admitere (cod_specializare, an, medie) VALUES ('184', '2020', '9.61');INSERT INTO specializari (id_liceu, profil, specializare, limba, bilingv, cod_specializare, medie_actuala) VALUES ('Lic036', 'Umanist', 'Filologie', 'Limba română', NULL, '321', '9.35');
INSERT INTO medii_admitere (cod_specializare, an, medie) VALUES ('321', '2025', '9.35');
INSERT INTO medii_admitere (cod_specializare, an, medie) VALUES ('321', '2024', '9.32');
INSERT INTO medii_admitere (cod_specializare, an, medie) VALUES ('321', '2023', '9.42');
INSERT INTO medii_admitere (cod_specializare, an, medie) VALUES ('321', '2022', '9.32');
INSERT INTO medii_admitere (cod_specializare, an, medie) VALUES ('321', '2021', '9.06');
INSERT INTO medii_admitere (cod_specializare, an, medie) VALUES ('321', '2020', '9.57');INSERT INTO specializari (id_liceu, profil, specializare, limba, bilingv, cod_specializare, medie_actuala) VALUES ('Lic039', 'Umanist', 'Științe Sociale', 'Limba română', NULL, '382', '9.35');
INSERT INTO medii_admitere (cod_specializare, an, medie) VALUES ('382', '2025', '9.35');
INSERT INTO medii_admitere (cod_specializare, an, medie) VALUES ('382', '2024', '9.30');
INSERT INTO medii_admitere (cod_specializare, an, medie) VALUES ('382', '2023', '9.50');
INSERT INTO medii_admitere (cod_specializare, an, medie) VALUES ('382', '2022', '9.47');
INSERT INTO medii_admitere (cod_specializare, an, medie) VALUES ('382', '2021', '9.22');
INSERT INTO medii_admitere (cod_specializare, an, medie) VALUES ('382', '2020', '9.51');INSERT INTO specializari (id_liceu, profil, specializare, limba, bilingv, cod_specializare, medie_actuala) VALUES ('Lic047', 'Real', 'Matematică-Informatică', 'Limba română', NULL, '322', '9.37');
INSERT INTO medii_admitere (cod_specializare, an, medie) VALUES ('322', '2025', '9.37');
INSERT INTO medii_admitere (cod_specializare, an, medie) VALUES ('322', '2024', '9.30');
INSERT INTO medii_admitere (cod_specializare, an, medie) VALUES ('322', '2023', '9.45');
INSERT INTO medii_admitere (cod_specializare, an, medie) VALUES ('322', '2022', '9.43');
INSERT INTO medii_admitere (cod_specializare, an, medie) VALUES ('322', '2021', '9.14');
INSERT INTO medii_admitere (cod_specializare, an, medie) VALUES ('322', '2020', '9.47');INSERT INTO specializari (id_liceu, profil, specializare, limba, bilingv, cod_specializare, medie_actuala) VALUES ('Lic044', 'Umanist', 'Științe Sociale', 'Limba română', NULL, '114', '9.42');
INSERT INTO medii_admitere (cod_specializare, an, medie) VALUES ('114', '2025', '9.42');
INSERT INTO medii_admitere (cod_specializare, an, medie) VALUES ('114', '2024', '9.30');
INSERT INTO medii_admitere (cod_specializare, an, medie) VALUES ('114', '2023', '9.42');
INSERT INTO medii_admitere (cod_specializare, an, medie) VALUES ('114', '2022', '9.43');
INSERT INTO medii_admitere (cod_specializare, an, medie) VALUES ('114', '2021', '9.14');
INSERT INTO medii_admitere (cod_specializare, an, medie) VALUES ('114', '2020', '9.43');INSERT INTO specializari (id_liceu, profil, specializare, limba, bilingv, cod_specializare, medie_actuala) VALUES ('Lic056', 'Umanist', 'Filologie', 'Limba română', NULL, '266', '9.42');
INSERT INTO medii_admitere (cod_specializare, an, medie) VALUES ('266', '2025', '9.42');
INSERT INTO medii_admitere (cod_specializare, an, medie) VALUES ('266', '2024', '9.27');
INSERT INTO medii_admitere (cod_specializare, an, medie) VALUES ('266', '2023', '9.37');
INSERT INTO medii_admitere (cod_specializare, an, medie) VALUES ('266', '2022', '9.32');
INSERT INTO medii_admitere (cod_specializare, an, medie) VALUES ('266', '2021', '9.07');
INSERT INTO medii_admitere (cod_specializare, an, medie) VALUES ('266', '2020', '9.44');INSERT INTO specializari (id_liceu, profil, specializare, limba, bilingv, cod_specializare, medie_actuala) VALUES ('Lic051', 'Real', 'Matematică-Informatică', 'Limba română', NULL, '189', '9.35');
INSERT INTO medii_admitere (cod_specializare, an, medie) VALUES ('189', '2025', '9.35');
INSERT INTO medii_admitere (cod_specializare, an, medie) VALUES ('189', '2024', '9.27');
INSERT INTO medii_admitere (cod_specializare, an, medie) VALUES ('189', '2023', '9.40');
INSERT INTO medii_admitere (cod_specializare, an, medie) VALUES ('189', '2022', '9.42');
INSERT INTO medii_admitere (cod_specializare, an, medie) VALUES ('189', '2021', '9.12');
INSERT INTO medii_admitere (cod_specializare, an, medie) VALUES ('189', '2020', '9.47');INSERT INTO specializari (id_liceu, profil, specializare, limba, bilingv, cod_specializare, medie_actuala) VALUES ('Lic047', 'Real', 'Științe ale Naturii', 'Limba română', NULL, '324', '9.35');
INSERT INTO medii_admitere (cod_specializare, an, medie) VALUES ('324', '2025', '9.35');
INSERT INTO medii_admitere (cod_specializare, an, medie) VALUES ('324', '2024', '9.25');
INSERT INTO medii_admitere (cod_specializare, an, medie) VALUES ('324', '2023', '9.40');
INSERT INTO medii_admitere (cod_specializare, an, medie) VALUES ('324', '2022', '9.40');
INSERT INTO medii_admitere (cod_specializare, an, medie) VALUES ('324', '2021', '9.10');
INSERT INTO medii_admitere (cod_specializare, an, medie) VALUES ('324', '2020', '9.44');INSERT INTO licee (id_liceu, nume, tip, sector, adresa) VALUES ('Lic003', '"Alexandru Ioan Cuza"', 'Liceul Teoretic', 3, 'S3 STR Barajul Dunării NR 5');
INSERT INTO specializari (id_liceu, profil, specializare, limba, bilingv, cod_specializare, medie_actuala) VALUES ('Lic003', 'Real', 'Științe ale Naturii', 'Limba română', NULL, '269', '9.25');
INSERT INTO medii_admitere (cod_specializare, an, medie) VALUES ('269', '2025', '9.25');
INSERT INTO medii_admitere (cod_specializare, an, medie) VALUES ('269', '2024', '9.25');
INSERT INTO medii_admitere (cod_specializare, an, medie) VALUES ('269', '2023', '9.30');
INSERT INTO medii_admitere (cod_specializare, an, medie) VALUES ('269', '2022', '9.28');
INSERT INTO medii_admitere (cod_specializare, an, medie) VALUES ('269', '2021', '8.95');
INSERT INTO medii_admitere (cod_specializare, an, medie) VALUES ('269', '2020', '9.37');INSERT INTO specializari (id_liceu, profil, specializare, limba, bilingv, cod_specializare, medie_actuala) VALUES ('Lic009', 'Real', 'Științe ale Naturii', 'Limba română', NULL, '188', '9.37');
INSERT INTO medii_admitere (cod_specializare, an, medie) VALUES ('188', '2025', '9.37');
INSERT INTO medii_admitere (cod_specializare, an, medie) VALUES ('188', '2024', '9.22');
INSERT INTO medii_admitere (cod_specializare, an, medie) VALUES ('188', '2023', '9.35');
INSERT INTO medii_admitere (cod_specializare, an, medie) VALUES ('188', '2022', '9.35');
INSERT INTO medii_admitere (cod_specializare, an, medie) VALUES ('188', '2021', '9.06');
INSERT INTO medii_admitere (cod_specializare, an, medie) VALUES ('188', '2020', '9.43');INSERT INTO licee (id_liceu, nume, tip, sector, adresa) VALUES ('Lic037', '"Goethe"', 'Colegiul German', 1, 'S1 STR Cihoschi Stanislav NR 17');
INSERT INTO specializari (id_liceu, profil, specializare, limba, bilingv, cod_specializare, medie_actuala) VALUES ('Lic037', 'Real', 'Teor.real spec.germană', 'Limba germană', NULL, '120', '9.08');
INSERT INTO medii_admitere (cod_specializare, an, medie) VALUES ('120', '2025', '9.08');
INSERT INTO medii_admitere (cod_specializare, an, medie) VALUES ('120', '2024', '9.23');
INSERT INTO medii_admitere (cod_specializare, an, medie) VALUES ('120', '2023', '9.28');
INSERT INTO medii_admitere (cod_specializare, an, medie) VALUES ('120', '2022', '9.58');
INSERT INTO medii_admitere (cod_specializare, an, medie) VALUES ('120', '2021', '9.33');
INSERT INTO medii_admitere (cod_specializare, an, medie) VALUES ('120', '2020', '9.32');INSERT INTO licee (id_liceu, nume, tip, sector, adresa) VALUES ('Lic068', '"Nicolae Iorga"', 'Liceul Teoretic', 1, 'S1 STR Mihalache Ion NR 126');
INSERT INTO specializari (id_liceu, profil, specializare, limba, bilingv, cod_specializare, medie_actuala) VALUES ('Lic068', 'Real', 'Științe ale Naturii', 'Limba română', 'Limba engleză(cu examen)', '139', '9.30');
INSERT INTO medii_admitere (cod_specializare, an, medie) VALUES ('139', '2025', '9.30');
INSERT INTO medii_admitere (cod_specializare, an, medie) VALUES ('139', '2024', '9.22');
INSERT INTO medii_admitere (cod_specializare, an, medie) VALUES ('139', '2023', '9.40');
INSERT INTO medii_admitere (cod_specializare, an, medie) VALUES ('139', '2022', '9.34');
INSERT INTO medii_admitere (cod_specializare, an, medie) VALUES ('139', '2021', '9.07');
INSERT INTO medii_admitere (cod_specializare, an, medie) VALUES ('139', '2020', '9.42');INSERT INTO specializari (id_liceu, profil, specializare, limba, bilingv, cod_specializare, medie_actuala) VALUES ('Lic032', 'Umanist', 'Filologie', 'Limba română', 'Limba engleză(cu examen)', '202', '9.30');
INSERT INTO medii_admitere (cod_specializare, an, medie) VALUES ('202', '2025', '9.30');
INSERT INTO medii_admitere (cod_specializare, an, medie) VALUES ('202', '2024', '9.22');
INSERT INTO medii_admitere (cod_specializare, an, medie) VALUES ('202', '2023', '9.47');
INSERT INTO medii_admitere (cod_specializare, an, medie) VALUES ('202', '2022', '9.48');
INSERT INTO medii_admitere (cod_specializare, an, medie) VALUES ('202', '2021', '9.29');
INSERT INTO medii_admitere (cod_specializare, an, medie) VALUES ('202', '2020', '9.48');INSERT INTO specializari (id_liceu, profil, specializare, limba, bilingv, cod_specializare, medie_actuala) VALUES ('Lic044', 'Umanist', 'Filologie', 'Limba română', 'Limba engleză(cu examen)', '113', '9.35');
INSERT INTO medii_admitere (cod_specializare, an, medie) VALUES ('113', '2025', '9.35');
INSERT INTO medii_admitere (cod_specializare, an, medie) VALUES ('113', '2024', '9.22');
INSERT INTO medii_admitere (cod_specializare, an, medie) VALUES ('113', '2023', '9.35');
INSERT INTO medii_admitere (cod_specializare, an, medie) VALUES ('113', '2022', '9.36');
INSERT INTO medii_admitere (cod_specializare, an, medie) VALUES ('113', '2021', '9.09');
INSERT INTO medii_admitere (cod_specializare, an, medie) VALUES ('113', '2020', '9.37');INSERT INTO licee (id_liceu, nume, tip, sector, adresa) VALUES ('Lic026', '"Elena Cuza"', 'Colegiul Național', 6, 'S6 STR Peștera Scărișoara NR 1');
INSERT INTO specializari (id_liceu, profil, specializare, limba, bilingv, cod_specializare, medie_actuala) VALUES ('Lic026', 'Real', 'Matematică-Informatică', 'Limba română', NULL, '376', '9.32');
INSERT INTO medii_admitere (cod_specializare, an, medie) VALUES ('376', '2025', '9.32');
INSERT INTO medii_admitere (cod_specializare, an, medie) VALUES ('376', '2024', '9.22');
INSERT INTO medii_admitere (cod_specializare, an, medie) VALUES ('376', '2023', '9.37');
INSERT INTO medii_admitere (cod_specializare, an, medie) VALUES ('376', '2022', '9.34');
INSERT INTO medii_admitere (cod_specializare, an, medie) VALUES ('376', '2021', '9.06');
INSERT INTO medii_admitere (cod_specializare, an, medie) VALUES ('376', '2020', '9.33');INSERT INTO specializari (id_liceu, profil, specializare, limba, bilingv, cod_specializare, medie_actuala) VALUES ('Lic009', 'Real', 'Matematică-Informatică', 'Limba română', NULL, '186', '9.35');
INSERT INTO medii_admitere (cod_specializare, an, medie) VALUES ('186', '2025', '9.35');
INSERT INTO medii_admitere (cod_specializare, an, medie) VALUES ('186', '2024', '9.22');
INSERT INTO medii_admitere (cod_specializare, an, medie) VALUES ('186', '2023', '9.37');
INSERT INTO medii_admitere (cod_specializare, an, medie) VALUES ('186', '2022', '9.38');
INSERT INTO medii_admitere (cod_specializare, an, medie) VALUES ('186', '2021', '9.06');
INSERT INTO medii_admitere (cod_specializare, an, medie) VALUES ('186', '2020', '9.42');INSERT INTO specializari (id_liceu, profil, specializare, limba, bilingv, cod_specializare, medie_actuala) VALUES ('Lic068', 'Real', 'Matematică-Informatică', 'Limba română', NULL, '137', '9.30');
INSERT INTO medii_admitere (cod_specializare, an, medie) VALUES ('137', '2025', '9.30');
INSERT INTO medii_admitere (cod_specializare, an, medie) VALUES ('137', '2024', '9.20');
INSERT INTO medii_admitere (cod_specializare, an, medie) VALUES ('137', '2023', '9.37');
INSERT INTO medii_admitere (cod_specializare, an, medie) VALUES ('137', '2022', '9.38');
INSERT INTO medii_admitere (cod_specializare, an, medie) VALUES ('137', '2021', '9.07');
INSERT INTO medii_admitere (cod_specializare, an, medie) VALUES ('137', '2020', '9.46');INSERT INTO specializari (id_liceu, profil, specializare, limba, bilingv, cod_specializare, medie_actuala) VALUES ('Lic068', 'Real', 'Științe ale Naturii', 'Limba română', NULL, '138', '9.27');
INSERT INTO medii_admitere (cod_specializare, an, medie) VALUES ('138', '2025', '9.27');
INSERT INTO medii_admitere (cod_specializare, an, medie) VALUES ('138', '2024', '9.17');
INSERT INTO medii_admitere (cod_specializare, an, medie) VALUES ('138', '2023', '9.35');
INSERT INTO medii_admitere (cod_specializare, an, medie) VALUES ('138', '2022', '9.33');
INSERT INTO medii_admitere (cod_specializare, an, medie) VALUES ('138', '2021', '9.03');
INSERT INTO medii_admitere (cod_specializare, an, medie) VALUES ('138', '2020', '9.40');INSERT INTO specializari (id_liceu, profil, specializare, limba, bilingv, cod_specializare, medie_actuala) VALUES ('Lic039', 'Umanist', 'Filologie', 'Limba română', NULL, '381', '9.25');
INSERT INTO medii_admitere (cod_specializare, an, medie) VALUES ('381', '2025', '9.25');
INSERT INTO medii_admitere (cod_specializare, an, medie) VALUES ('381', '2024', '9.17');
INSERT INTO medii_admitere (cod_specializare, an, medie) VALUES ('381', '2023', '9.37');
INSERT INTO medii_admitere (cod_specializare, an, medie) VALUES ('381', '2022', '9.36');
INSERT INTO medii_admitere (cod_specializare, an, medie) VALUES ('381', '2021', '9.09');
INSERT INTO medii_admitere (cod_specializare, an, medie) VALUES ('381', '2020', '9.40');INSERT INTO specializari (id_liceu, profil, specializare, limba, bilingv, cod_specializare, medie_actuala) VALUES ('Lic044', 'Umanist', 'Filologie', 'Limba română', NULL, '110', '9.30');
INSERT INTO medii_admitere (cod_specializare, an, medie) VALUES ('110', '2025', '9.30');
INSERT INTO medii_admitere (cod_specializare, an, medie) VALUES ('110', '2024', '9.17');
INSERT INTO medii_admitere (cod_specializare, an, medie) VALUES ('110', '2023', '9.32');
INSERT INTO medii_admitere (cod_specializare, an, medie) VALUES ('110', '2022', '9.36');
INSERT INTO medii_admitere (cod_specializare, an, medie) VALUES ('110', '2021', '9.04');
INSERT INTO medii_admitere (cod_specializare, an, medie) VALUES ('110', '2020', '9.31');INSERT INTO specializari (id_liceu, profil, specializare, limba, bilingv, cod_specializare, medie_actuala) VALUES ('Lic047', 'Umanist', 'Științe Sociale', 'Limba română', NULL, '326', '9.27');
INSERT INTO medii_admitere (cod_specializare, an, medie) VALUES ('326', '2025', '9.27');
INSERT INTO medii_admitere (cod_specializare, an, medie) VALUES ('326', '2024', '9.17');
INSERT INTO medii_admitere (cod_specializare, an, medie) VALUES ('326', '2023', '9.32');
INSERT INTO medii_admitere (cod_specializare, an, medie) VALUES ('326', '2022', '9.32');
INSERT INTO medii_admitere (cod_specializare, an, medie) VALUES ('326', '2021', '9.04');
INSERT INTO medii_admitere (cod_specializare, an, medie) VALUES ('326', '2020', '9.39');INSERT INTO specializari (id_liceu, profil, specializare, limba, bilingv, cod_specializare, medie_actuala) VALUES ('Lic051', 'Umanist', 'Filologie', 'Limba română', 'Limba engleză(cu examen)', '194', '9.27');
INSERT INTO medii_admitere (cod_specializare, an, medie) VALUES ('194', '2025', '9.27');
INSERT INTO medii_admitere (cod_specializare, an, medie) VALUES ('194', '2024', '9.15');
INSERT INTO medii_admitere (cod_specializare, an, medie) VALUES ('194', '2023', '9.35');
INSERT INTO medii_admitere (cod_specializare, an, medie) VALUES ('194', '2022', '9.35');
INSERT INTO medii_admitere (cod_specializare, an, medie) VALUES ('194', '2021', '9.10');
INSERT INTO medii_admitere (cod_specializare, an, medie) VALUES ('194', '2020', '9.37');INSERT INTO specializari (id_liceu, profil, specializare, limba, bilingv, cod_specializare, medie_actuala) VALUES ('Lic044', 'Umanist', 'Filologie', 'Limba română', 'Limba germană(fără examen)', '112', '9.27');
INSERT INTO medii_admitere (cod_specializare, an, medie) VALUES ('112', '2025', '9.27');
INSERT INTO medii_admitere (cod_specializare, an, medie) VALUES ('112', '2024', '9.12');
INSERT INTO medii_admitere (cod_specializare, an, medie) VALUES ('112', '2023', '9.27');
INSERT INTO medii_admitere (cod_specializare, an, medie) VALUES ('112', '2022', '9.33');
INSERT INTO medii_admitere (cod_specializare, an, medie) VALUES ('112', '2021', NULL);
INSERT INTO medii_admitere (cod_specializare, an, medie) VALUES ('112', '2020', '9.29');INSERT INTO licee (id_liceu, nume, tip, sector, adresa) VALUES ('Lic060', '"Mihai Eminescu"', 'Colegiul Național', 4, 'S4 STR Georgescu George NR 2');
INSERT INTO specializari (id_liceu, profil, specializare, limba, bilingv, cod_specializare, medie_actuala) VALUES ('Lic060', 'Real', 'Științe ale Naturii', 'Limba română', NULL, '316', '9.27');
INSERT INTO medii_admitere (cod_specializare, an, medie) VALUES ('316', '2025', '9.27');
INSERT INTO medii_admitere (cod_specializare, an, medie) VALUES ('316', '2024', '9.12');
INSERT INTO medii_admitere (cod_specializare, an, medie) VALUES ('316', '2023', '9.27');
INSERT INTO medii_admitere (cod_specializare, an, medie) VALUES ('316', '2022', '9.27');
INSERT INTO medii_admitere (cod_specializare, an, medie) VALUES ('316', '2021', '8.93');
INSERT INTO medii_admitere (cod_specializare, an, medie) VALUES ('316', '2020', '9.34');INSERT INTO specializari (id_liceu, profil, specializare, limba, bilingv, cod_specializare, medie_actuala) VALUES ('Lic003', 'Real', 'Matematică-Informatică', 'Limba română', NULL, '268', '9.22');
INSERT INTO medii_admitere (cod_specializare, an, medie) VALUES ('268', '2025', '9.22');
INSERT INTO medii_admitere (cod_specializare, an, medie) VALUES ('268', '2024', '9.10');
INSERT INTO medii_admitere (cod_specializare, an, medie) VALUES ('268', '2023', '9.25');
INSERT INTO medii_admitere (cod_specializare, an, medie) VALUES ('268', '2022', '9.29');
INSERT INTO medii_admitere (cod_specializare, an, medie) VALUES ('268', '2021', '8.95');
INSERT INTO medii_admitere (cod_specializare, an, medie) VALUES ('268', '2020', '9.36');INSERT INTO specializari (id_liceu, profil, specializare, limba, bilingv, cod_specializare, medie_actuala) VALUES ('Lic051', 'Umanist', 'Filologie', 'Limba română', NULL, '192', '9.22');
INSERT INTO medii_admitere (cod_specializare, an, medie) VALUES ('192', '2025', '9.22');
INSERT INTO medii_admitere (cod_specializare, an, medie) VALUES ('192', '2024', '9.10');
INSERT INTO medii_admitere (cod_specializare, an, medie) VALUES ('192', '2023', '9.27');
INSERT INTO medii_admitere (cod_specializare, an, medie) VALUES ('192', '2022', '9.28');
INSERT INTO medii_admitere (cod_specializare, an, medie) VALUES ('192', '2021', '8.95');
INSERT INTO medii_admitere (cod_specializare, an, medie) VALUES ('192', '2020', '9.31');INSERT INTO licee (id_liceu, nume, tip, sector, adresa) VALUES ('Lic049', '"Ion Neculce"', 'Colegiul Național', 1, 'S1 STR Neculce Ion NR 2');
INSERT INTO specializari (id_liceu, profil, specializare, limba, bilingv, cod_specializare, medie_actuala) VALUES ('Lic049', 'Real', 'Științe ale Naturii', 'Limba română', NULL, '125', '9.25');
INSERT INTO medii_admitere (cod_specializare, an, medie) VALUES ('125', '2025', '9.25');
INSERT INTO medii_admitere (cod_specializare, an, medie) VALUES ('125', '2024', '9.10');
INSERT INTO medii_admitere (cod_specializare, an, medie) VALUES ('125', '2023', '9.25');
INSERT INTO medii_admitere (cod_specializare, an, medie) VALUES ('125', '2022', '9.20');
INSERT INTO medii_admitere (cod_specializare, an, medie) VALUES ('125', '2021', '8.79');
INSERT INTO medii_admitere (cod_specializare, an, medie) VALUES ('125', '2020', '9.31');INSERT INTO specializari (id_liceu, profil, specializare, limba, bilingv, cod_specializare, medie_actuala) VALUES ('Lic060', 'Real', 'Matematică-Informatică', 'Limba română', NULL, '315', '9.25');
INSERT INTO medii_admitere (cod_specializare, an, medie) VALUES ('315', '2025', '9.25');
INSERT INTO medii_admitere (cod_specializare, an, medie) VALUES ('315', '2024', '9.10');
INSERT INTO medii_admitere (cod_specializare, an, medie) VALUES ('315', '2023', '9.22');
INSERT INTO medii_admitere (cod_specializare, an, medie) VALUES ('315', '2022', '9.23');
INSERT INTO medii_admitere (cod_specializare, an, medie) VALUES ('315', '2021', '8.82');
INSERT INTO medii_admitere (cod_specializare, an, medie) VALUES ('315', '2020', '9.28');INSERT INTO specializari (id_liceu, profil, specializare, limba, bilingv, cod_specializare, medie_actuala) VALUES ('Lic049', 'Real', 'Matematică-Informatică', 'Limba română', NULL, '124', '9.22');
INSERT INTO medii_admitere (cod_specializare, an, medie) VALUES ('124', '2025', '9.22');
INSERT INTO medii_admitere (cod_specializare, an, medie) VALUES ('124', '2024', '9.07');
INSERT INTO medii_admitere (cod_specializare, an, medie) VALUES ('124', '2023', '9.22');
INSERT INTO medii_admitere (cod_specializare, an, medie) VALUES ('124', '2022', '9.22');
INSERT INTO medii_admitere (cod_specializare, an, medie) VALUES ('124', '2021', '8.81');
INSERT INTO medii_admitere (cod_specializare, an, medie) VALUES ('124', '2020', '9.28');INSERT INTO specializari (id_liceu, profil, specializare, limba, bilingv, cod_specializare, medie_actuala) VALUES ('Lic047', 'Umanist', 'Filologie', 'Limba română', NULL, '325', '9.20');
INSERT INTO medii_admitere (cod_specializare, an, medie) VALUES ('325', '2025', '9.20');
INSERT INTO medii_admitere (cod_specializare, an, medie) VALUES ('325', '2024', '9.07');
INSERT INTO medii_admitere (cod_specializare, an, medie) VALUES ('325', '2023', '9.25');
INSERT INTO medii_admitere (cod_specializare, an, medie) VALUES ('325', '2022', '9.27');
INSERT INTO medii_admitere (cod_specializare, an, medie) VALUES ('325', '2021', '8.96');
INSERT INTO medii_admitere (cod_specializare, an, medie) VALUES ('325', '2020', '9.33');INSERT INTO specializari (id_liceu, profil, specializare, limba, bilingv, cod_specializare, medie_actuala) VALUES ('Lic068', 'Umanist', 'Științe Sociale', 'Limba română', NULL, '141', '9.17');
INSERT INTO medii_admitere (cod_specializare, an, medie) VALUES ('141', '2025', '9.17');
INSERT INTO medii_admitere (cod_specializare, an, medie) VALUES ('141', '2024', '9.07');
INSERT INTO medii_admitere (cod_specializare, an, medie) VALUES ('141', '2023', '9.25');
INSERT INTO medii_admitere (cod_specializare, an, medie) VALUES ('141', '2022', '9.26');
INSERT INTO medii_admitere (cod_specializare, an, medie) VALUES ('141', '2021', '8.91');
INSERT INTO medii_admitere (cod_specializare, an, medie) VALUES ('141', '2020', '9.30');INSERT INTO specializari (id_liceu, profil, specializare, limba, bilingv, cod_specializare, medie_actuala) VALUES ('Lic060', 'Umanist', 'Științe Sociale', 'Limba română', NULL, '318', '9.17');
INSERT INTO medii_admitere (cod_specializare, an, medie) VALUES ('318', '2025', '9.17');
INSERT INTO medii_admitere (cod_specializare, an, medie) VALUES ('318', '2024', '9.05');
INSERT INTO medii_admitere (cod_specializare, an, medie) VALUES ('318', '2023', '9.17');
INSERT INTO medii_admitere (cod_specializare, an, medie) VALUES ('318', '2022', '9.19');
INSERT INTO medii_admitere (cod_specializare, an, medie) VALUES ('318', '2021', '8.81');
INSERT INTO medii_admitere (cod_specializare, an, medie) VALUES ('318', '2020', '9.24');INSERT INTO licee (id_liceu, nume, tip, sector, adresa) VALUES ('Lic074', '"Școala Centrală"', 'Colegiul Național', 2, 'S2 STR Icoanei NR 3');
INSERT INTO specializari (id_liceu, profil, specializare, limba, bilingv, cod_specializare, medie_actuala) VALUES ('Lic074', 'Real', 'Matematică-Informatică', 'Limba română', NULL, '204', '9.20');
INSERT INTO medii_admitere (cod_specializare, an, medie) VALUES ('204', '2025', '9.20');
INSERT INTO medii_admitere (cod_specializare, an, medie) VALUES ('204', '2024', '9.05');
INSERT INTO medii_admitere (cod_specializare, an, medie) VALUES ('204', '2023', '9.27');
INSERT INTO medii_admitere (cod_specializare, an, medie) VALUES ('204', '2022', '9.26');
INSERT INTO medii_admitere (cod_specializare, an, medie) VALUES ('204', '2021', '8.86');
INSERT INTO medii_admitere (cod_specializare, an, medie) VALUES ('204', '2020', '9.29');INSERT INTO specializari (id_liceu, profil, specializare, limba, bilingv, cod_specializare, medie_actuala) VALUES ('Lic026', 'Umanist', 'Filologie', 'Limba română', 'Limba engleză(cu examen)', '377', '9.10');
INSERT INTO medii_admitere (cod_specializare, an, medie) VALUES ('377', '2025', '9.10');
INSERT INTO medii_admitere (cod_specializare, an, medie) VALUES ('377', '2024', '9.02');
INSERT INTO medii_admitere (cod_specializare, an, medie) VALUES ('377', '2023', '9.20');
INSERT INTO medii_admitere (cod_specializare, an, medie) VALUES ('377', '2022', '9.21');
INSERT INTO medii_admitere (cod_specializare, an, medie) VALUES ('377', '2021', '8.89');
INSERT INTO medii_admitere (cod_specializare, an, medie) VALUES ('377', '2020', '9.15');INSERT INTO specializari (id_liceu, profil, specializare, limba, bilingv, cod_specializare, medie_actuala) VALUES ('Lic003', 'Umanist', 'Științe Sociale', 'Limba română', NULL, '270', '9.12');
INSERT INTO medii_admitere (cod_specializare, an, medie) VALUES ('270', '2025', '9.12');
INSERT INTO medii_admitere (cod_specializare, an, medie) VALUES ('270', '2024', '9.00');
INSERT INTO medii_admitere (cod_specializare, an, medie) VALUES ('270', '2023', '9.17');
INSERT INTO medii_admitere (cod_specializare, an, medie) VALUES ('270', '2022', '9.20');
INSERT INTO medii_admitere (cod_specializare, an, medie) VALUES ('270', '2021', '8.83');
INSERT INTO medii_admitere (cod_specializare, an, medie) VALUES ('270', '2020', '9.22');INSERT INTO specializari (id_liceu, profil, specializare, limba, bilingv, cod_specializare, medie_actuala) VALUES ('Lic037', 'Umanist', 'Teor.uman.spec.germană', 'Limba germană', NULL, '123', '8.90');
INSERT INTO medii_admitere (cod_specializare, an, medie) VALUES ('123', '2025', '8.90');
INSERT INTO medii_admitere (cod_specializare, an, medie) VALUES ('123', '2024', '8.98');
INSERT INTO medii_admitere (cod_specializare, an, medie) VALUES ('123', '2023', '8.96');
INSERT INTO medii_admitere (cod_specializare, an, medie) VALUES ('123', '2022', '9.15');
INSERT INTO medii_admitere (cod_specializare, an, medie) VALUES ('123', '2021', '8.63');
INSERT INTO medii_admitere (cod_specializare, an, medie) VALUES ('123', '2020', NULL);INSERT INTO licee (id_liceu, nume, tip, sector, adresa) VALUES ('Lic053', '"Jean Monnet"', 'Liceul Teoretic', 1, 'S1 STR Monnet Jean NR 2');
INSERT INTO specializari (id_liceu, profil, specializare, limba, bilingv, cod_specializare, medie_actuala) VALUES ('Lic053', 'Real', 'Matematică-Informatică', 'Limba română', NULL, '130', '9.15');
INSERT INTO medii_admitere (cod_specializare, an, medie) VALUES ('130', '2025', '9.15');
INSERT INTO medii_admitere (cod_specializare, an, medie) VALUES ('130', '2024', '8.97');
INSERT INTO medii_admitere (cod_specializare, an, medie) VALUES ('130', '2023', '9.20');
INSERT INTO medii_admitere (cod_specializare, an, medie) VALUES ('130', '2022', '9.19');
INSERT INTO medii_admitere (cod_specializare, an, medie) VALUES ('130', '2021', '8.70');
INSERT INTO medii_admitere (cod_specializare, an, medie) VALUES ('130', '2020', '9.24');INSERT INTO specializari (id_liceu, profil, specializare, limba, bilingv, cod_specializare, medie_actuala) VALUES ('Lic049', 'Real', 'Științe ale Naturii', 'Limba română', 'Limba italiană(fără examen)', '126', '9.17');
INSERT INTO medii_admitere (cod_specializare, an, medie) VALUES ('126', '2025', '9.17');
INSERT INTO medii_admitere (cod_specializare, an, medie) VALUES ('126', '2024', '8.97');
INSERT INTO medii_admitere (cod_specializare, an, medie) VALUES ('126', '2023', '9.15');
INSERT INTO medii_admitere (cod_specializare, an, medie) VALUES ('126', '2022', NULL);
INSERT INTO medii_admitere (cod_specializare, an, medie) VALUES ('126', '2021', NULL);
INSERT INTO medii_admitere (cod_specializare, an, medie) VALUES ('126', '2020', NULL);INSERT INTO specializari (id_liceu, profil, specializare, limba, bilingv, cod_specializare, medie_actuala) VALUES ('Lic068', 'Umanist', 'Filologie', 'Limba română', NULL, '140', '9.12');
INSERT INTO medii_admitere (cod_specializare, an, medie) VALUES ('140', '2025', '9.12');
INSERT INTO medii_admitere (cod_specializare, an, medie) VALUES ('140', '2024', '8.97');
INSERT INTO medii_admitere (cod_specializare, an, medie) VALUES ('140', '2023', '9.20');
INSERT INTO medii_admitere (cod_specializare, an, medie) VALUES ('140', '2022', '9.21');
INSERT INTO medii_admitere (cod_specializare, an, medie) VALUES ('140', '2021', '8.80');
INSERT INTO medii_admitere (cod_specializare, an, medie) VALUES ('140', '2020', '9.25');INSERT INTO specializari (id_liceu, profil, specializare, limba, bilingv, cod_specializare, medie_actuala) VALUES ('Lic049', 'Umanist', 'Științe Sociale', 'Limba română', NULL, '129', '9.12');
INSERT INTO medii_admitere (cod_specializare, an, medie) VALUES ('129', '2025', '9.12');
INSERT INTO medii_admitere (cod_specializare, an, medie) VALUES ('129', '2024', '8.97');
INSERT INTO medii_admitere (cod_specializare, an, medie) VALUES ('129', '2023', '9.15');
INSERT INTO medii_admitere (cod_specializare, an, medie) VALUES ('129', '2022', '9.12');
INSERT INTO medii_admitere (cod_specializare, an, medie) VALUES ('129', '2021', '8.78');
INSERT INTO medii_admitere (cod_specializare, an, medie) VALUES ('129', '2020', '9.22');INSERT INTO specializari (id_liceu, profil, specializare, limba, bilingv, cod_specializare, medie_actuala) VALUES ('Lic060', 'Umanist', 'Filologie', 'Limba română', NULL, '317', '9.15');
INSERT INTO medii_admitere (cod_specializare, an, medie) VALUES ('317', '2025', '9.15');
INSERT INTO medii_admitere (cod_specializare, an, medie) VALUES ('317', '2024', '8.97');
INSERT INTO medii_admitere (cod_specializare, an, medie) VALUES ('317', '2023', '9.12');
INSERT INTO medii_admitere (cod_specializare, an, medie) VALUES ('317', '2022', '9.14');
INSERT INTO medii_admitere (cod_specializare, an, medie) VALUES ('317', '2021', '8.73');
INSERT INTO medii_admitere (cod_specializare, an, medie) VALUES ('317', '2020', '9.19');INSERT INTO licee (id_liceu, nume, tip, sector, adresa) VALUES ('Lic058', '"Miguel de Cervantes"', 'Liceul Teoretic Bilingv', 1, 'S1 STR Plevnei NR 38-40');
INSERT INTO specializari (id_liceu, profil, specializare, limba, bilingv, cod_specializare, medie_actuala) VALUES ('Lic058', 'Real', 'Matematică-Informatică', 'Limba română', NULL, '145', '9.15');
INSERT INTO medii_admitere (cod_specializare, an, medie) VALUES ('145', '2025', '9.15');
INSERT INTO medii_admitere (cod_specializare, an, medie) VALUES ('145', '2024', '8.97');
INSERT INTO medii_admitere (cod_specializare, an, medie) VALUES ('145', '2023', '9.17');
INSERT INTO medii_admitere (cod_specializare, an, medie) VALUES ('145', '2022', '9.17');
INSERT INTO medii_admitere (cod_specializare, an, medie) VALUES ('145', '2021', '8.67');
INSERT INTO medii_admitere (cod_specializare, an, medie) VALUES ('145', '2020', '9.21');INSERT INTO specializari (id_liceu, profil, specializare, limba, bilingv, cod_specializare, medie_actuala) VALUES ('Lic026', 'Umanist', 'Filologie', 'Limba română', NULL, '378', '9.07');
INSERT INTO medii_admitere (cod_specializare, an, medie) VALUES ('378', '2025', '9.07');
INSERT INTO medii_admitere (cod_specializare, an, medie) VALUES ('378', '2024', '8.95');
INSERT INTO medii_admitere (cod_specializare, an, medie) VALUES ('378', '2023', '9.17');
INSERT INTO medii_admitere (cod_specializare, an, medie) VALUES ('378', '2022', '9.16');
INSERT INTO medii_admitere (cod_specializare, an, medie) VALUES ('378', '2021', '8.73');
INSERT INTO medii_admitere (cod_specializare, an, medie) VALUES ('378', '2020', '9.11');INSERT INTO specializari (id_liceu, profil, specializare, limba, bilingv, cod_specializare, medie_actuala) VALUES ('Lic053', 'Real', 'Științe ale Naturii', 'Limba română', NULL, '131', '9.10');
INSERT INTO medii_admitere (cod_specializare, an, medie) VALUES ('131', '2025', '9.10');
INSERT INTO medii_admitere (cod_specializare, an, medie) VALUES ('131', '2024', '8.95');
INSERT INTO medii_admitere (cod_specializare, an, medie) VALUES ('131', '2023', '9.17');
INSERT INTO medii_admitere (cod_specializare, an, medie) VALUES ('131', '2022', '9.19');
INSERT INTO medii_admitere (cod_specializare, an, medie) VALUES ('131', '2021', '8.67');
INSERT INTO medii_admitere (cod_specializare, an, medie) VALUES ('131', '2020', '9.20');INSERT INTO licee (id_liceu, nume, tip, sector, adresa) VALUES ('Lic046', '"Ion Barbu"', 'Liceul Teoretic', 5, 'S5 STR Năbucului NR 18');
INSERT INTO specializari (id_liceu, profil, specializare, limba, bilingv, cod_specializare, medie_actuala) VALUES ('Lic046', 'Real', 'Matematică-Informatică', 'Limba română', NULL, '348', '9.10');
INSERT INTO medii_admitere (cod_specializare, an, medie) VALUES ('348', '2025', '9.10');
INSERT INTO medii_admitere (cod_specializare, an, medie) VALUES ('348', '2024', '8.95');
INSERT INTO medii_admitere (cod_specializare, an, medie) VALUES ('348', '2023', '9.15');
INSERT INTO medii_admitere (cod_specializare, an, medie) VALUES ('348', '2022', '9.15');
INSERT INTO medii_admitere (cod_specializare, an, medie) VALUES ('348', '2021', '8.67');
INSERT INTO medii_admitere (cod_specializare, an, medie) VALUES ('348', '2020', '9.20');INSERT INTO specializari (id_liceu, profil, specializare, limba, bilingv, cod_specializare, medie_actuala) VALUES ('Lic049', 'Umanist', 'Filologie', 'Limba română', NULL, '127', '9.10');
INSERT INTO medii_admitere (cod_specializare, an, medie) VALUES ('127', '2025', '9.10');
INSERT INTO medii_admitere (cod_specializare, an, medie) VALUES ('127', '2024', '8.95');
INSERT INTO medii_admitere (cod_specializare, an, medie) VALUES ('127', '2023', '9.12');
INSERT INTO medii_admitere (cod_specializare, an, medie) VALUES ('127', '2022', '9.10');
INSERT INTO medii_admitere (cod_specializare, an, medie) VALUES ('127', '2021', '8.71');
INSERT INTO medii_admitere (cod_specializare, an, medie) VALUES ('127', '2020', '9.18');INSERT INTO specializari (id_liceu, profil, specializare, limba, bilingv, cod_specializare, medie_actuala) VALUES ('Lic074', 'Real', 'Matematică-Informatică', 'Limba română', 'Limba franceză(fără examan)', '206', '9.15');
INSERT INTO medii_admitere (cod_specializare, an, medie) VALUES ('206', '2025', '9.15');
INSERT INTO medii_admitere (cod_specializare, an, medie) VALUES ('206', '2024', '8.92');
INSERT INTO medii_admitere (cod_specializare, an, medie) VALUES ('206', '2023', NULL);
INSERT INTO medii_admitere (cod_specializare, an, medie) VALUES ('206', '2022', NULL);
INSERT INTO medii_admitere (cod_specializare, an, medie) VALUES ('206', '2021', NULL);
INSERT INTO medii_admitere (cod_specializare, an, medie) VALUES ('206', '2020', NULL);INSERT INTO specializari (id_liceu, profil, specializare, limba, bilingv, cod_specializare, medie_actuala) VALUES ('Lic044', 'Umanist', 'Filologie', 'Limba română', 'Limba germană(cu examen)', '111', '9.17');
INSERT INTO medii_admitere (cod_specializare, an, medie) VALUES ('111', '2025', '9.17');
INSERT INTO medii_admitere (cod_specializare, an, medie) VALUES ('111', '2024', '8.87');
INSERT INTO medii_admitere (cod_specializare, an, medie) VALUES ('111', '2023', '9.15');
INSERT INTO medii_admitere (cod_specializare, an, medie) VALUES ('111', '2022', '9.07');
INSERT INTO medii_admitere (cod_specializare, an, medie) VALUES ('111', '2021', '8.91');
INSERT INTO medii_admitere (cod_specializare, an, medie) VALUES ('111', '2020', '9.20');INSERT INTO specializari (id_liceu, profil, specializare, limba, bilingv, cod_specializare, medie_actuala) VALUES ('Lic049', 'Umanist', 'Filologie', 'Limba română', 'Limba italiană(fără examen)', '128', '9.05');
INSERT INTO medii_admitere (cod_specializare, an, medie) VALUES ('128', '2025', '9.05');
INSERT INTO medii_admitere (cod_specializare, an, medie) VALUES ('128', '2024', '8.87');
INSERT INTO medii_admitere (cod_specializare, an, medie) VALUES ('128', '2023', '9.05');
INSERT INTO medii_admitere (cod_specializare, an, medie) VALUES ('128', '2022', '8.20');
INSERT INTO medii_admitere (cod_specializare, an, medie) VALUES ('128', '2021', '8.55');
INSERT INTO medii_admitere (cod_specializare, an, medie) VALUES ('128', '2020', '8.00');INSERT INTO specializari (id_liceu, profil, specializare, limba, bilingv, cod_specializare, medie_actuala) VALUES ('Lic046', 'Real', 'Științe ale Naturii', 'Limba română', NULL, '349', '9.05');
INSERT INTO medii_admitere (cod_specializare, an, medie) VALUES ('349', '2025', '9.05');
INSERT INTO medii_admitere (cod_specializare, an, medie) VALUES ('349', '2024', '8.87');
INSERT INTO medii_admitere (cod_specializare, an, medie) VALUES ('349', '2023', '9.07');
INSERT INTO medii_admitere (cod_specializare, an, medie) VALUES ('349', '2022', '9.06');
INSERT INTO medii_admitere (cod_specializare, an, medie) VALUES ('349', '2021', '8.51');
INSERT INTO medii_admitere (cod_specializare, an, medie) VALUES ('349', '2020', '9.10');INSERT INTO specializari (id_liceu, profil, specializare, limba, bilingv, cod_specializare, medie_actuala) VALUES ('Lic074', 'Umanist', 'Filologie', 'Limba română', NULL, '207', '9.02');
INSERT INTO medii_admitere (cod_specializare, an, medie) VALUES ('207', '2025', '9.02');
INSERT INTO medii_admitere (cod_specializare, an, medie) VALUES ('207', '2024', '8.85');
INSERT INTO medii_admitere (cod_specializare, an, medie) VALUES ('207', '2023', '9.07');
INSERT INTO medii_admitere (cod_specializare, an, medie) VALUES ('207', '2022', '9.11');
INSERT INTO medii_admitere (cod_specializare, an, medie) VALUES ('207', '2021', '8.64');
INSERT INTO medii_admitere (cod_specializare, an, medie) VALUES ('207', '2020', '9.11');INSERT INTO licee (id_liceu, nume, tip, sector, adresa) VALUES ('Lic088', '"Tudor Vladimirescu"', 'Liceul Teoretic', 6, 'S6 STR Maniu Iuliu NR 15');
INSERT INTO specializari (id_liceu, profil, specializare, limba, bilingv, cod_specializare, medie_actuala) VALUES ('Lic088', 'Real', 'Matematică-Informatică', 'Limba română', NULL, '387', '9.02');
INSERT INTO medii_admitere (cod_specializare, an, medie) VALUES ('387', '2025', '9.02');
INSERT INTO medii_admitere (cod_specializare, an, medie) VALUES ('387', '2024', '8.82');
INSERT INTO medii_admitere (cod_specializare, an, medie) VALUES ('387', '2023', '9.00');
INSERT INTO medii_admitere (cod_specializare, an, medie) VALUES ('387', '2022', '9.00');
INSERT INTO medii_admitere (cod_specializare, an, medie) VALUES ('387', '2021', '8.31');
INSERT INTO medii_admitere (cod_specializare, an, medie) VALUES ('387', '2020', '9.00');INSERT INTO licee (id_liceu, nume, tip, sector, adresa) VALUES ('Lic008', '"C.A. Rosetti"', 'Liceul Teoretic', 2, 'S2 STR Garibaldi Giuseppe NR 11');
INSERT INTO specializari (id_liceu, profil, specializare, limba, bilingv, cod_specializare, medie_actuala) VALUES ('Lic008', 'Real', 'Matematică-Informatică', 'Limba română', NULL, '224', '9.02');
INSERT INTO medii_admitere (cod_specializare, an, medie) VALUES ('224', '2025', '9.02');
INSERT INTO medii_admitere (cod_specializare, an, medie) VALUES ('224', '2024', '8.80');
INSERT INTO medii_admitere (cod_specializare, an, medie) VALUES ('224', '2023', '9.05');
INSERT INTO medii_admitere (cod_specializare, an, medie) VALUES ('224', '2022', '9.07');
INSERT INTO medii_admitere (cod_specializare, an, medie) VALUES ('224', '2021', '8.44');
INSERT INTO medii_admitere (cod_specializare, an, medie) VALUES ('224', '2020', '9.13');INSERT INTO specializari (id_liceu, profil, specializare, limba, bilingv, cod_specializare, medie_actuala) VALUES ('Lic053', 'Umanist', 'Științe Sociale', 'Limba română', NULL, '132', '9.02');
INSERT INTO medii_admitere (cod_specializare, an, medie) VALUES ('132', '2025', '9.02');
INSERT INTO medii_admitere (cod_specializare, an, medie) VALUES ('132', '2024', '8.80');
INSERT INTO medii_admitere (cod_specializare, an, medie) VALUES ('132', '2023', '9.07');
INSERT INTO medii_admitere (cod_specializare, an, medie) VALUES ('132', '2022', '9.08');
INSERT INTO medii_admitere (cod_specializare, an, medie) VALUES ('132', '2021', '8.54');
INSERT INTO medii_admitere (cod_specializare, an, medie) VALUES ('132', '2020', '9.09');INSERT INTO licee (id_liceu, nume, tip, sector, adresa) VALUES ('Lic089', '"V. Madgearu"', 'Colegiul Economic', 1, 'S1 STR Dacia NR 34');
INSERT INTO specializari (id_liceu, profil, specializare, limba, bilingv, cod_specializare, medie_actuala) VALUES ('Lic089', 'Servicii', 'Turism și alimentație', 'Limba română', NULL, '157', '8.97');
INSERT INTO medii_admitere (cod_specializare, an, medie) VALUES ('157', '2025', '8.97');
INSERT INTO medii_admitere (cod_specializare, an, medie) VALUES ('157', '2024', '8.80');
INSERT INTO medii_admitere (cod_specializare, an, medie) VALUES ('157', '2023', '9.02');
INSERT INTO medii_admitere (cod_specializare, an, medie) VALUES ('157', '2022', '9.10');
INSERT INTO medii_admitere (cod_specializare, an, medie) VALUES ('157', '2021', '8.70');
INSERT INTO medii_admitere (cod_specializare, an, medie) VALUES ('157', '2020', '9.01');INSERT INTO specializari (id_liceu, profil, specializare, limba, bilingv, cod_specializare, medie_actuala) VALUES ('Lic074', 'Umanist', 'Filologie', 'Limba română', 'Limba franceză(fără examan)', '209', '9.00');
INSERT INTO medii_admitere (cod_specializare, an, medie) VALUES ('209', '2025', '9.00');
INSERT INTO medii_admitere (cod_specializare, an, medie) VALUES ('209', '2024', '8.77');
INSERT INTO medii_admitere (cod_specializare, an, medie) VALUES ('209', '2023', NULL);
INSERT INTO medii_admitere (cod_specializare, an, medie) VALUES ('209', '2022', NULL);
INSERT INTO medii_admitere (cod_specializare, an, medie) VALUES ('209', '2021', NULL);
INSERT INTO medii_admitere (cod_specializare, an, medie) VALUES ('209', '2020', NULL);INSERT INTO specializari (id_liceu, profil, specializare, limba, bilingv, cod_specializare, medie_actuala) VALUES ('Lic058', 'Umanist', 'Filologie', 'Limba română', NULL, '147', '9.00');
INSERT INTO medii_admitere (cod_specializare, an, medie) VALUES ('147', '2025', '9.00');
INSERT INTO medii_admitere (cod_specializare, an, medie) VALUES ('147', '2024', '8.77');
INSERT INTO medii_admitere (cod_specializare, an, medie) VALUES ('147', '2023', '9.02');
INSERT INTO medii_admitere (cod_specializare, an, medie) VALUES ('147', '2022', '9.06');
INSERT INTO medii_admitere (cod_specializare, an, medie) VALUES ('147', '2021', '8.45');
INSERT INTO medii_admitere (cod_specializare, an, medie) VALUES ('147', '2020', '9.03');INSERT INTO licee (id_liceu, nume, tip, sector, adresa) VALUES ('Lic031', '"George Călinescu"', 'Liceul Teoretic', 1, 'S1 STR Biserica Amzei NR 20-24');
INSERT INTO specializari (id_liceu, profil, specializare, limba, bilingv, cod_specializare, medie_actuala) VALUES ('Lic031', 'Real', 'Matematică-Informatică', 'Limba română', NULL, '167', '9.00');
INSERT INTO medii_admitere (cod_specializare, an, medie) VALUES ('167', '2025', '9.00');
INSERT INTO medii_admitere (cod_specializare, an, medie) VALUES ('167', '2024', '8.77');
INSERT INTO medii_admitere (cod_specializare, an, medie) VALUES ('167', '2023', '9.02');
INSERT INTO medii_admitere (cod_specializare, an, medie) VALUES ('167', '2022', '9.03');
INSERT INTO medii_admitere (cod_specializare, an, medie) VALUES ('167', '2021', '8.35');
INSERT INTO medii_admitere (cod_specializare, an, medie) VALUES ('167', '2020', '9.08');INSERT INTO specializari (id_liceu, profil, specializare, limba, bilingv, cod_specializare, medie_actuala) VALUES ('Lic008', 'Umanist', 'Filologie', 'Limba română', NULL, '226', '8.97');
INSERT INTO medii_admitere (cod_specializare, an, medie) VALUES ('226', '2025', '8.97');
INSERT INTO medii_admitere (cod_specializare, an, medie) VALUES ('226', '2024', '8.75');
INSERT INTO medii_admitere (cod_specializare, an, medie) VALUES ('226', '2023', '9.00');
INSERT INTO medii_admitere (cod_specializare, an, medie) VALUES ('226', '2022', '9.04');
INSERT INTO medii_admitere (cod_specializare, an, medie) VALUES ('226', '2021', '8.51');
INSERT INTO medii_admitere (cod_specializare, an, medie) VALUES ('226', '2020', '9.03');INSERT INTO licee (id_liceu, nume, tip, sector, adresa) VALUES ('Lic016', '"Dante Alighieri"', 'Liceul Teoretic', 3, 'S3 STR Fuiorului NR 9');
INSERT INTO specializari (id_liceu, profil, specializare, limba, bilingv, cod_specializare, medie_actuala) VALUES ('Lic016', 'Real', 'Științe ale Naturii', 'Limba română', NULL, '273', '8.97');
INSERT INTO medii_admitere (cod_specializare, an, medie) VALUES ('273', '2025', '8.97');
INSERT INTO medii_admitere (cod_specializare, an, medie) VALUES ('273', '2024', '8.75');
INSERT INTO medii_admitere (cod_specializare, an, medie) VALUES ('273', '2023', '9.02');
INSERT INTO medii_admitere (cod_specializare, an, medie) VALUES ('273', '2022', '9.04');
INSERT INTO medii_admitere (cod_specializare, an, medie) VALUES ('273', '2021', '8.49');
INSERT INTO medii_admitere (cod_specializare, an, medie) VALUES ('273', '2020', '9.05');INSERT INTO specializari (id_liceu, profil, specializare, limba, bilingv, cod_specializare, medie_actuala) VALUES ('Lic008', 'Real', 'Științe ale Naturii', 'Limba română', NULL, '225', '8.97');
INSERT INTO medii_admitere (cod_specializare, an, medie) VALUES ('225', '2025', '8.97');
INSERT INTO medii_admitere (cod_specializare, an, medie) VALUES ('225', '2024', '8.75');
INSERT INTO medii_admitere (cod_specializare, an, medie) VALUES ('225', '2023', '9.02');
INSERT INTO medii_admitere (cod_specializare, an, medie) VALUES ('225', '2022', '9.04');
INSERT INTO medii_admitere (cod_specializare, an, medie) VALUES ('225', '2021', '8.40');
INSERT INTO medii_admitere (cod_specializare, an, medie) VALUES ('225', '2020', '9.06');INSERT INTO specializari (id_liceu, profil, specializare, limba, bilingv, cod_specializare, medie_actuala) VALUES ('Lic016', 'Real', 'Matematică-Informatică', 'Limba română', NULL, '271', '8.97');
INSERT INTO medii_admitere (cod_specializare, an, medie) VALUES ('271', '2025', '8.97');
INSERT INTO medii_admitere (cod_specializare, an, medie) VALUES ('271', '2024', '8.72');
INSERT INTO medii_admitere (cod_specializare, an, medie) VALUES ('271', '2023', '9.00');
INSERT INTO medii_admitere (cod_specializare, an, medie) VALUES ('271', '2022', '9.02');
INSERT INTO medii_admitere (cod_specializare, an, medie) VALUES ('271', '2021', '8.36');
INSERT INTO medii_admitere (cod_specializare, an, medie) VALUES ('271', '2020', '9.06');INSERT INTO specializari (id_liceu, profil, specializare, limba, bilingv, cod_specializare, medie_actuala) VALUES ('Lic088', 'Real', 'Științe ale Naturii', 'Limba română', NULL, '388', '8.95');
INSERT INTO medii_admitere (cod_specializare, an, medie) VALUES ('388', '2025', '8.95');
INSERT INTO medii_admitere (cod_specializare, an, medie) VALUES ('388', '2024', '8.70');
INSERT INTO medii_admitere (cod_specializare, an, medie) VALUES ('388', '2023', '8.92');
INSERT INTO medii_admitere (cod_specializare, an, medie) VALUES ('388', '2022', '8.92');
INSERT INTO medii_admitere (cod_specializare, an, medie) VALUES ('388', '2021', '8.08');
INSERT INTO medii_admitere (cod_specializare, an, medie) VALUES ('388', '2020', '8.90');INSERT INTO specializari (id_liceu, profil, specializare, limba, bilingv, cod_specializare, medie_actuala) VALUES ('Lic046', 'Umanist', 'Științe Sociale', 'Limba română', NULL, '350', '8.92');
INSERT INTO medii_admitere (cod_specializare, an, medie) VALUES ('350', '2025', '8.92');
INSERT INTO medii_admitere (cod_specializare, an, medie) VALUES ('350', '2024', '8.70');
INSERT INTO medii_admitere (cod_specializare, an, medie) VALUES ('350', '2023', '8.97');
INSERT INTO medii_admitere (cod_specializare, an, medie) VALUES ('350', '2022', '9.01');
INSERT INTO medii_admitere (cod_specializare, an, medie) VALUES ('350', '2021', '8.44');
INSERT INTO medii_admitere (cod_specializare, an, medie) VALUES ('350', '2020', '9.03');INSERT INTO licee (id_liceu, nume, tip, sector, adresa) VALUES ('Lic081', '"Ștefan Demetrescu"', 'Liceul Teologic Adventist', 4, 'S4 STR Vitan-Bârzești NR 11');
INSERT INTO specializari (id_liceu, profil, specializare, limba, bilingv, cod_specializare, medie_actuala) VALUES ('Lic081', 'Real', 'Matematică-Informatică', 'Limba română', NULL, '331', '8.75');
INSERT INTO medii_admitere (cod_specializare, an, medie) VALUES ('331', '2025', '8.75');
INSERT INTO medii_admitere (cod_specializare, an, medie) VALUES ('331', '2024', '8.67');
INSERT INTO medii_admitere (cod_specializare, an, medie) VALUES ('331', '2023', '8.82');
INSERT INTO medii_admitere (cod_specializare, an, medie) VALUES ('331', '2022', '8.81');
INSERT INTO medii_admitere (cod_specializare, an, medie) VALUES ('331', '2021', '8.02');
INSERT INTO medii_admitere (cod_specializare, an, medie) VALUES ('331', '2020', '8.87');INSERT INTO specializari (id_liceu, profil, specializare, limba, bilingv, cod_specializare, medie_actuala) VALUES ('Lic016', 'Umanist', 'Filologie', 'Limba română', NULL, '275', '8.87');
INSERT INTO medii_admitere (cod_specializare, an, medie) VALUES ('275', '2025', '8.87');
INSERT INTO medii_admitere (cod_specializare, an, medie) VALUES ('275', '2024', '8.67');
INSERT INTO medii_admitere (cod_specializare, an, medie) VALUES ('275', '2023', '8.92');
INSERT INTO medii_admitere (cod_specializare, an, medie) VALUES ('275', '2022', '8.99');
INSERT INTO medii_admitere (cod_specializare, an, medie) VALUES ('275', '2021', '8.34');
INSERT INTO medii_admitere (cod_specializare, an, medie) VALUES ('275', '2020', '8.97');INSERT INTO specializari (id_liceu, profil, specializare, limba, bilingv, cod_specializare, medie_actuala) VALUES ('Lic031', 'Umanist', 'Filologie', 'Limba română', NULL, '168', '8.87');
INSERT INTO medii_admitere (cod_specializare, an, medie) VALUES ('168', '2025', '8.87');
INSERT INTO medii_admitere (cod_specializare, an, medie) VALUES ('168', '2024', '8.62');
INSERT INTO medii_admitere (cod_specializare, an, medie) VALUES ('168', '2023', '8.92');
INSERT INTO medii_admitere (cod_specializare, an, medie) VALUES ('168', '2022', '8.96');
INSERT INTO medii_admitere (cod_specializare, an, medie) VALUES ('168', '2021', '8.22');
INSERT INTO medii_admitere (cod_specializare, an, medie) VALUES ('168', '2020', '8.97');INSERT INTO licee (id_liceu, nume, tip, sector, adresa) VALUES ('Lic028', '"Emil Racoviță"', 'Colegiul Național', 2, 'S2 STR Mihai Bravu NR 169');
INSERT INTO specializari (id_liceu, profil, specializare, limba, bilingv, cod_specializare, medie_actuala) VALUES ('Lic028', 'Real', 'Matematică-Informatică', 'Limba română', NULL, '210', '8.95');
INSERT INTO medii_admitere (cod_specializare, an, medie) VALUES ('210', '2025', '8.95');
INSERT INTO medii_admitere (cod_specializare, an, medie) VALUES ('210', '2024', '8.62');
INSERT INTO medii_admitere (cod_specializare, an, medie) VALUES ('210', '2023', '8.92');
INSERT INTO medii_admitere (cod_specializare, an, medie) VALUES ('210', '2022', '8.99');
INSERT INTO medii_admitere (cod_specializare, an, medie) VALUES ('210', '2021', '8.25');
INSERT INTO medii_admitere (cod_specializare, an, medie) VALUES ('210', '2020', '9.01');INSERT INTO specializari (id_liceu, profil, specializare, limba, bilingv, cod_specializare, medie_actuala) VALUES ('Lic088', 'Umanist', 'Filologie', 'Limba română', NULL, '389', '8.87');
INSERT INTO medii_admitere (cod_specializare, an, medie) VALUES ('389', '2025', '8.87');
INSERT INTO medii_admitere (cod_specializare, an, medie) VALUES ('389', '2024', '8.60');
INSERT INTO medii_admitere (cod_specializare, an, medie) VALUES ('389', '2023', '8.90');
INSERT INTO medii_admitere (cod_specializare, an, medie) VALUES ('389', '2022', '8.90');
INSERT INTO medii_admitere (cod_specializare, an, medie) VALUES ('389', '2021', '8.09');
INSERT INTO medii_admitere (cod_specializare, an, medie) VALUES ('389', '2020', '8.89');INSERT INTO specializari (id_liceu, profil, specializare, limba, bilingv, cod_specializare, medie_actuala) VALUES ('Lic074', 'Real', 'Matematică-Informatică', 'Limba română', 'Limba franceză(cu examen)', '205', '8.95');
INSERT INTO medii_admitere (cod_specializare, an, medie) VALUES ('205', '2025', '8.95');
INSERT INTO medii_admitere (cod_specializare, an, medie) VALUES ('205', '2024', '8.60');
INSERT INTO medii_admitere (cod_specializare, an, medie) VALUES ('205', '2023', '8.85');
INSERT INTO medii_admitere (cod_specializare, an, medie) VALUES ('205', '2022', '8.71');
INSERT INTO medii_admitere (cod_specializare, an, medie) VALUES ('205', '2021', '8.32');
INSERT INTO medii_admitere (cod_specializare, an, medie) VALUES ('205', '2020', '9.13');INSERT INTO licee (id_liceu, nume, tip, sector, adresa) VALUES ('Lic004', '"Alexandru Vlahuță"', 'Liceul Teoretic', 1, 'S1 STR Școala Floreasca NR 5');
INSERT INTO specializari (id_liceu, profil, specializare, limba, bilingv, cod_specializare, medie_actuala) VALUES ('Lic004', 'Umanist', 'Filologie', 'Limba română', NULL, '142', '8.80');
INSERT INTO medii_admitere (cod_specializare, an, medie) VALUES ('142', '2025', '8.80');
INSERT INTO medii_admitere (cod_specializare, an, medie) VALUES ('142', '2024', '8.57');
INSERT INTO medii_admitere (cod_specializare, an, medie) VALUES ('142', '2023', '8.85');
INSERT INTO medii_admitere (cod_specializare, an, medie) VALUES ('142', '2022', '8.91');
INSERT INTO medii_admitere (cod_specializare, an, medie) VALUES ('142', '2021', '8.20');
INSERT INTO medii_admitere (cod_specializare, an, medie) VALUES ('142', '2020', '8.93');INSERT INTO specializari (id_liceu, profil, specializare, limba, bilingv, cod_specializare, medie_actuala) VALUES ('Lic089', 'Servicii', 'Economic', 'Limba română', NULL, '156', '8.80');
INSERT INTO medii_admitere (cod_specializare, an, medie) VALUES ('156', '2025', '8.80');
INSERT INTO medii_admitere (cod_specializare, an, medie) VALUES ('156', '2024', '8.55');
INSERT INTO medii_admitere (cod_specializare, an, medie) VALUES ('156', '2023', '8.85');
INSERT INTO medii_admitere (cod_specializare, an, medie) VALUES ('156', '2022', '8.93');
INSERT INTO medii_admitere (cod_specializare, an, medie) VALUES ('156', '2021', '8.27');
INSERT INTO medii_admitere (cod_specializare, an, medie) VALUES ('156', '2020', '8.85');INSERT INTO licee (id_liceu, nume, tip, sector, adresa) VALUES ('Lic082', '"Ștefan Odobleja"', 'Liceul Teoretic', 5, 'S5 STR Dorneasca NR 7A');
INSERT INTO specializari (id_liceu, profil, specializare, limba, bilingv, cod_specializare, medie_actuala) VALUES ('Lic082', 'Real', 'Științe ale Naturii', 'Limba română', NULL, '356', '8.82');
INSERT INTO medii_admitere (cod_specializare, an, medie) VALUES ('356', '2025', '8.82');
INSERT INTO medii_admitere (cod_specializare, an, medie) VALUES ('356', '2024', '8.55');
INSERT INTO medii_admitere (cod_specializare, an, medie) VALUES ('356', '2023', '8.75');
INSERT INTO medii_admitere (cod_specializare, an, medie) VALUES ('356', '2022', '8.79');
INSERT INTO medii_admitere (cod_specializare, an, medie) VALUES ('356', '2021', '7.93');
INSERT INTO medii_admitere (cod_specializare, an, medie) VALUES ('356', '2020', '8.89');INSERT INTO specializari (id_liceu, profil, specializare, limba, bilingv, cod_specializare, medie_actuala) VALUES ('Lic004', 'Umanist', 'Filologie', 'Limba română', 'Limba germană(fără examen)', '144', '8.77');
INSERT INTO medii_admitere (cod_specializare, an, medie) VALUES ('144', '2025', '8.77');
INSERT INTO medii_admitere (cod_specializare, an, medie) VALUES ('144', '2024', '8.52');
INSERT INTO medii_admitere (cod_specializare, an, medie) VALUES ('144', '2023', '8.82');
INSERT INTO medii_admitere (cod_specializare, an, medie) VALUES ('144', '2022', '8.86');
INSERT INTO medii_admitere (cod_specializare, an, medie) VALUES ('144', '2021', NULL);
INSERT INTO medii_admitere (cod_specializare, an, medie) VALUES ('144', '2020', NULL);INSERT INTO specializari (id_liceu, profil, specializare, limba, bilingv, cod_specializare, medie_actuala) VALUES ('Lic088', 'Umanist', 'Științe Sociale', 'Limba română', NULL, '390', '8.80');
INSERT INTO medii_admitere (cod_specializare, an, medie) VALUES ('390', '2025', '8.80');
INSERT INTO medii_admitere (cod_specializare, an, medie) VALUES ('390', '2024', '8.50');
INSERT INTO medii_admitere (cod_specializare, an, medie) VALUES ('390', '2023', '8.85');
INSERT INTO medii_admitere (cod_specializare, an, medie) VALUES ('390', '2022', '8.88');
INSERT INTO medii_admitere (cod_specializare, an, medie) VALUES ('390', '2021', '8.08');
INSERT INTO medii_admitere (cod_specializare, an, medie) VALUES ('390', '2020', '8.84');INSERT INTO licee (id_liceu, nume, tip, sector, adresa) VALUES ('Lic091', '"Victor Babeș"', 'Colegiul Național', 2, 'S2 STR Fundeni NR 254');
INSERT INTO specializari (id_liceu, profil, specializare, limba, bilingv, cod_specializare, medie_actuala) VALUES ('Lic091', 'Real', 'Matematică-Informatică', 'Limba română', NULL, '212', '8.85');
INSERT INTO medii_admitere (cod_specializare, an, medie) VALUES ('212', '2025', '8.85');
INSERT INTO medii_admitere (cod_specializare, an, medie) VALUES ('212', '2024', '8.50');
INSERT INTO medii_admitere (cod_specializare, an, medie) VALUES ('212', '2023', '8.85');
INSERT INTO medii_admitere (cod_specializare, an, medie) VALUES ('212', '2022', '8.92');
INSERT INTO medii_admitere (cod_specializare, an, medie) VALUES ('212', '2021', '8.15');
INSERT INTO medii_admitere (cod_specializare, an, medie) VALUES ('212', '2020', '8.94');INSERT INTO licee (id_liceu, nume, tip, sector, adresa) VALUES ('Lic014', '"C-tin Brâncoveanu"', 'Liceul Teoretic', 1, 'S1 STR Pajurei NR 9');
INSERT INTO specializari (id_liceu, profil, specializare, limba, bilingv, cod_specializare, medie_actuala) VALUES ('Lic014', 'Real', 'Matematică-Informatică', 'Limba română', NULL, '133', '8.72');
INSERT INTO medii_admitere (cod_specializare, an, medie) VALUES ('133', '2025', '8.72');
INSERT INTO medii_admitere (cod_specializare, an, medie) VALUES ('133', '2024', '8.47');
INSERT INTO medii_admitere (cod_specializare, an, medie) VALUES ('133', '2023', '8.65');
INSERT INTO medii_admitere (cod_specializare, an, medie) VALUES ('133', '2022', '8.58');
INSERT INTO medii_admitere (cod_specializare, an, medie) VALUES ('133', '2021', '7.21');
INSERT INTO medii_admitere (cod_specializare, an, medie) VALUES ('133', '2020', '8.46');INSERT INTO licee (id_liceu, nume, tip, sector, adresa) VALUES ('Lic069', '"Nicolae Kretzulescu"', 'Școala Superioară Comercială', 3, 'S3 STR Botev Hristo NR 17');
INSERT INTO specializari (id_liceu, profil, specializare, limba, bilingv, cod_specializare, medie_actuala) VALUES ('Lic069', 'Servicii', 'Comerț', 'Limba română', NULL, '286', '8.77');
INSERT INTO medii_admitere (cod_specializare, an, medie) VALUES ('286', '2025', '8.77');
INSERT INTO medii_admitere (cod_specializare, an, medie) VALUES ('286', '2024', '8.47');
INSERT INTO medii_admitere (cod_specializare, an, medie) VALUES ('286', '2023', '8.75');
INSERT INTO medii_admitere (cod_specializare, an, medie) VALUES ('286', '2022', '8.79');
INSERT INTO medii_admitere (cod_specializare, an, medie) VALUES ('286', '2021', '7.99');
INSERT INTO medii_admitere (cod_specializare, an, medie) VALUES ('286', '2020', '8.72');INSERT INTO licee (id_liceu, nume, tip, sector, adresa) VALUES ('Lic006', '"Aurel Vlaicu"', 'Colegiul Național', 1, 'S1 STR Roth Stephan Ludwig, ist. NR 1');
INSERT INTO specializari (id_liceu, profil, specializare, limba, bilingv, cod_specializare, medie_actuala) VALUES ('Lic006', 'Real', 'Matematică-Informatică', 'Limba română', NULL, '117', '8.70');
INSERT INTO medii_admitere (cod_specializare, an, medie) VALUES ('117', '2025', '8.70');
INSERT INTO medii_admitere (cod_specializare, an, medie) VALUES ('117', '2024', '8.42');
INSERT INTO medii_admitere (cod_specializare, an, medie) VALUES ('117', '2023', '8.72');
INSERT INTO medii_admitere (cod_specializare, an, medie) VALUES ('117', '2022', '8.69');
INSERT INTO medii_admitere (cod_specializare, an, medie) VALUES ('117', '2021', '7.33');
INSERT INTO medii_admitere (cod_specializare, an, medie) VALUES ('117', '2020', '8.47');INSERT INTO specializari (id_liceu, profil, specializare, limba, bilingv, cod_specializare, medie_actuala) VALUES ('Lic028', 'Umanist', 'Filologie', 'Limba română', NULL, '211', '8.70');
INSERT INTO medii_admitere (cod_specializare, an, medie) VALUES ('211', '2025', '8.70');
INSERT INTO medii_admitere (cod_specializare, an, medie) VALUES ('211', '2024', '8.42');
INSERT INTO medii_admitere (cod_specializare, an, medie) VALUES ('211', '2023', '8.85');
INSERT INTO medii_admitere (cod_specializare, an, medie) VALUES ('211', '2022', '8.89');
INSERT INTO medii_admitere (cod_specializare, an, medie) VALUES ('211', '2021', '8.08');
INSERT INTO medii_admitere (cod_specializare, an, medie) VALUES ('211', '2020', '8.91');INSERT INTO specializari (id_liceu, profil, specializare, limba, bilingv, cod_specializare, medie_actuala) VALUES ('Lic069', 'Servicii', 'Turism și alimentație', 'Limba română', NULL, '288', '8.72');
INSERT INTO medii_admitere (cod_specializare, an, medie) VALUES ('288', '2025', '8.72');
INSERT INTO medii_admitere (cod_specializare, an, medie) VALUES ('288', '2024', '8.40');
INSERT INTO medii_admitere (cod_specializare, an, medie) VALUES ('288', '2023', '8.77');
INSERT INTO medii_admitere (cod_specializare, an, medie) VALUES ('288', '2022', '8.82');
INSERT INTO medii_admitere (cod_specializare, an, medie) VALUES ('288', '2021', '8.07');
INSERT INTO medii_admitere (cod_specializare, an, medie) VALUES ('288', '2020', '8.83');INSERT INTO specializari (id_liceu, profil, specializare, limba, bilingv, cod_specializare, medie_actuala) VALUES ('Lic082', 'Umanist', 'Științe Sociale', 'Limba română', NULL, '358', '8.67');
INSERT INTO medii_admitere (cod_specializare, an, medie) VALUES ('358', '2025', '8.67');
INSERT INTO medii_admitere (cod_specializare, an, medie) VALUES ('358', '2024', '8.40');
INSERT INTO medii_admitere (cod_specializare, an, medie) VALUES ('358', '2023', '8.70');
INSERT INTO medii_admitere (cod_specializare, an, medie) VALUES ('358', '2022', '8.76');
INSERT INTO medii_admitere (cod_specializare, an, medie) VALUES ('358', '2021', '7.92');
INSERT INTO medii_admitere (cod_specializare, an, medie) VALUES ('358', '2020', '8.85');INSERT INTO specializari (id_liceu, profil, specializare, limba, bilingv, cod_specializare, medie_actuala) VALUES ('Lic074', 'Umanist', 'Filologie', 'Limba română', 'Limba franceză(cu examen)', '208', '8.75');
INSERT INTO medii_admitere (cod_specializare, an, medie) VALUES ('208', '2025', '8.75');
INSERT INTO medii_admitere (cod_specializare, an, medie) VALUES ('208', '2024', '8.40');
INSERT INTO medii_admitere (cod_specializare, an, medie) VALUES ('208', '2023', '8.60');
INSERT INTO medii_admitere (cod_specializare, an, medie) VALUES ('208', '2022', '8.46');
INSERT INTO medii_admitere (cod_specializare, an, medie) VALUES ('208', '2021', '8.35');
INSERT INTO medii_admitere (cod_specializare, an, medie) VALUES ('208', '2020', '8.89');INSERT INTO specializari (id_liceu, profil, specializare, limba, bilingv, cod_specializare, medie_actuala) VALUES ('Lic082', 'Real', 'Matematică-Informatică', 'Limba română', NULL, '355', '8.65');
INSERT INTO medii_admitere (cod_specializare, an, medie) VALUES ('355', '2025', '8.65');
INSERT INTO medii_admitere (cod_specializare, an, medie) VALUES ('355', '2024', '8.37');
INSERT INTO medii_admitere (cod_specializare, an, medie) VALUES ('355', '2023', '8.75');
INSERT INTO medii_admitere (cod_specializare, an, medie) VALUES ('355', '2022', '8.70');
INSERT INTO medii_admitere (cod_specializare, an, medie) VALUES ('355', '2021', '7.43');
INSERT INTO medii_admitere (cod_specializare, an, medie) VALUES ('355', '2020', '8.83');INSERT INTO specializari (id_liceu, profil, specializare, limba, bilingv, cod_specializare, medie_actuala) VALUES ('Lic081', 'Real', 'Științe ale Naturii', 'Limba română', NULL, '332', '8.57');
INSERT INTO medii_admitere (cod_specializare, an, medie) VALUES ('332', '2025', '8.57');
INSERT INTO medii_admitere (cod_specializare, an, medie) VALUES ('332', '2024', '8.37');
INSERT INTO medii_admitere (cod_specializare, an, medie) VALUES ('332', '2023', NULL);
INSERT INTO medii_admitere (cod_specializare, an, medie) VALUES ('332', '2022', NULL);
INSERT INTO medii_admitere (cod_specializare, an, medie) VALUES ('332', '2021', NULL);
INSERT INTO medii_admitere (cod_specializare, an, medie) VALUES ('332', '2020', NULL);INSERT INTO specializari (id_liceu, profil, specializare, limba, bilingv, cod_specializare, medie_actuala) VALUES ('Lic069', 'Servicii', 'Economic', 'Limba română', NULL, '287', '8.75');
INSERT INTO medii_admitere (cod_specializare, an, medie) VALUES ('287', '2025', '8.75');
INSERT INTO medii_admitere (cod_specializare, an, medie) VALUES ('287', '2024', '8.37');
INSERT INTO medii_admitere (cod_specializare, an, medie) VALUES ('287', '2023', '8.67');
INSERT INTO medii_admitere (cod_specializare, an, medie) VALUES ('287', '2022', '8.75');
INSERT INTO medii_admitere (cod_specializare, an, medie) VALUES ('287', '2021', '7.88');
INSERT INTO medii_admitere (cod_specializare, an, medie) VALUES ('287', '2020', '8.73');INSERT INTO specializari (id_liceu, profil, specializare, limba, bilingv, cod_specializare, medie_actuala) VALUES ('Lic037', 'Real', 'Matematică-Informatică', 'Limba germană', NULL, '121', '8.46');
INSERT INTO medii_admitere (cod_specializare, an, medie) VALUES ('121', '2025', '8.46');
INSERT INTO medii_admitere (cod_specializare, an, medie) VALUES ('121', '2024', '8.36');
INSERT INTO medii_admitere (cod_specializare, an, medie) VALUES ('121', '2023', '8.78');
INSERT INTO medii_admitere (cod_specializare, an, medie) VALUES ('121', '2022', '8.79');
INSERT INTO medii_admitere (cod_specializare, an, medie) VALUES ('121', '2021', '7.93');
INSERT INTO medii_admitere (cod_specializare, an, medie) VALUES ('121', '2020', '8.82');INSERT INTO licee (id_liceu, nume, tip, sector, adresa) VALUES ('Lic030', '"Eugen Lovinescu"', 'Liceul Teoretic', 6, 'S6 STR Valea lui Mihai NR 6');
INSERT INTO specializari (id_liceu, profil, specializare, limba, bilingv, cod_specializare, medie_actuala) VALUES ('Lic030', 'Real', 'Matematică-Informatică', 'Limba română', NULL, '391', '8.67');
INSERT INTO medii_admitere (cod_specializare, an, medie) VALUES ('391', '2025', '8.67');
INSERT INTO medii_admitere (cod_specializare, an, medie) VALUES ('391', '2024', '8.35');
INSERT INTO medii_admitere (cod_specializare, an, medie) VALUES ('391', '2023', '8.70');
INSERT INTO medii_admitere (cod_specializare, an, medie) VALUES ('391', '2022', '8.67');
INSERT INTO medii_admitere (cod_specializare, an, medie) VALUES ('391', '2021', '7.67');
INSERT INTO medii_admitere (cod_specializare, an, medie) VALUES ('391', '2020', '8.70');INSERT INTO licee (id_liceu, nume, tip, sector, adresa) VALUES ('Lic071', '"Octav Onicescu"', 'Colegiul Național', 4, 'S4 STR Trivale NR 29');
INSERT INTO specializari (id_liceu, profil, specializare, limba, bilingv, cod_specializare, medie_actuala) VALUES ('Lic071', 'Real', 'Matematică-Informatică', 'Limba română', NULL, '327', '8.65');
INSERT INTO medii_admitere (cod_specializare, an, medie) VALUES ('327', '2025', '8.65');
INSERT INTO medii_admitere (cod_specializare, an, medie) VALUES ('327', '2024', '8.32');
INSERT INTO medii_admitere (cod_specializare, an, medie) VALUES ('327', '2023', '8.65');
INSERT INTO medii_admitere (cod_specializare, an, medie) VALUES ('327', '2022', '8.63');
INSERT INTO medii_admitere (cod_specializare, an, medie) VALUES ('327', '2021', '7.42');
INSERT INTO medii_admitere (cod_specializare, an, medie) VALUES ('327', '2020', '8.66');INSERT INTO specializari (id_liceu, profil, specializare, limba, bilingv, cod_specializare, medie_actuala) VALUES ('Lic082', 'Umanist', 'Filologie', 'Limba română', NULL, '357', '8.62');
INSERT INTO medii_admitere (cod_specializare, an, medie) VALUES ('357', '2025', '8.62');
INSERT INTO medii_admitere (cod_specializare, an, medie) VALUES ('357', '2024', '8.30');
INSERT INTO medii_admitere (cod_specializare, an, medie) VALUES ('357', '2023', '8.72');
INSERT INTO medii_admitere (cod_specializare, an, medie) VALUES ('357', '2022', '8.79');
INSERT INTO medii_admitere (cod_specializare, an, medie) VALUES ('357', '2021', '8.02');
INSERT INTO medii_admitere (cod_specializare, an, medie) VALUES ('357', '2020', '8.80');INSERT INTO specializari (id_liceu, profil, specializare, limba, bilingv, cod_specializare, medie_actuala) VALUES ('Lic006', 'Real', 'Științe ale Naturii', 'Limba română', NULL, '118', '8.62');
INSERT INTO medii_admitere (cod_specializare, an, medie) VALUES ('118', '2025', '8.62');
INSERT INTO medii_admitere (cod_specializare, an, medie) VALUES ('118', '2024', '8.30');
INSERT INTO medii_admitere (cod_specializare, an, medie) VALUES ('118', '2023', '8.65');
INSERT INTO medii_admitere (cod_specializare, an, medie) VALUES ('118', '2022', '8.62');
INSERT INTO medii_admitere (cod_specializare, an, medie) VALUES ('118', '2021', '7.44');
INSERT INTO medii_admitere (cod_specializare, an, medie) VALUES ('118', '2020', '8.70');INSERT INTO licee (id_liceu, nume, tip, sector, adresa) VALUES ('Lic076', '"Sfântul Iosif"', 'Colegiul Romano-Catolic', 4, 'S4 STR Olteniței NR 3-7');
INSERT INTO specializari (id_liceu, profil, specializare, limba, bilingv, cod_specializare, medie_actuala) VALUES ('Lic076', 'Real', 'Științe ale Naturii', 'Limba română', NULL, '330', '8.60');
INSERT INTO medii_admitere (cod_specializare, an, medie) VALUES ('330', '2025', '8.60');
INSERT INTO medii_admitere (cod_specializare, an, medie) VALUES ('330', '2024', '8.30');
INSERT INTO medii_admitere (cod_specializare, an, medie) VALUES ('330', '2023', '8.55');
INSERT INTO medii_admitere (cod_specializare, an, medie) VALUES ('330', '2022', '8.62');
INSERT INTO medii_admitere (cod_specializare, an, medie) VALUES ('330', '2021', '7.33');
INSERT INTO medii_admitere (cod_specializare, an, medie) VALUES ('330', '2020', '8.67');INSERT INTO licee (id_liceu, nume, tip, sector, adresa) VALUES ('Lic055', '"Marin Preda"', 'Liceul Teoretic', 6, 'S6 STR Rușețu NR 17');
INSERT INTO specializari (id_liceu, profil, specializare, limba, bilingv, cod_specializare, medie_actuala) VALUES ('Lic055', 'Real', 'Matematică-Informatică', 'Limba română', NULL, '383', '8.62');
INSERT INTO medii_admitere (cod_specializare, an, medie) VALUES ('383', '2025', '8.62');
INSERT INTO medii_admitere (cod_specializare, an, medie) VALUES ('383', '2024', '8.22');
INSERT INTO medii_admitere (cod_specializare, an, medie) VALUES ('383', '2023', '8.57');
INSERT INTO medii_admitere (cod_specializare, an, medie) VALUES ('383', '2022', '8.47');
INSERT INTO medii_admitere (cod_specializare, an, medie) VALUES ('383', '2021', '7.14');
INSERT INTO medii_admitere (cod_specializare, an, medie) VALUES ('383', '2020', '8.56');INSERT INTO specializari (id_liceu, profil, specializare, limba, bilingv, cod_specializare, medie_actuala) VALUES ('Lic014', 'Real', 'Științe ale Naturii', 'Limba română', NULL, '134', '8.60');
INSERT INTO medii_admitere (cod_specializare, an, medie) VALUES ('134', '2025', '8.60');
INSERT INTO medii_admitere (cod_specializare, an, medie) VALUES ('134', '2024', '8.22');
INSERT INTO medii_admitere (cod_specializare, an, medie) VALUES ('134', '2023', '8.37');
INSERT INTO medii_admitere (cod_specializare, an, medie) VALUES ('134', '2022', '8.29');
INSERT INTO medii_admitere (cod_specializare, an, medie) VALUES ('134', '2021', '6.91');
INSERT INTO medii_admitere (cod_specializare, an, medie) VALUES ('134', '2020', '8.20');INSERT INTO specializari (id_liceu, profil, specializare, limba, bilingv, cod_specializare, medie_actuala) VALUES ('Lic071', 'Umanist', 'Științe Sociale', 'Limba română', NULL, '329', '8.57');
INSERT INTO medii_admitere (cod_specializare, an, medie) VALUES ('329', '2025', '8.57');
INSERT INTO medii_admitere (cod_specializare, an, medie) VALUES ('329', '2024', '8.17');
INSERT INTO medii_admitere (cod_specializare, an, medie) VALUES ('329', '2023', '8.65');
INSERT INTO medii_admitere (cod_specializare, an, medie) VALUES ('329', '2022', '8.69');
INSERT INTO medii_admitere (cod_specializare, an, medie) VALUES ('329', '2021', '7.81');
INSERT INTO medii_admitere (cod_specializare, an, medie) VALUES ('329', '2020', '8.72');INSERT INTO specializari (id_liceu, profil, specializare, limba, bilingv, cod_specializare, medie_actuala) VALUES ('Lic006', 'Umanist', 'Filologie', 'Limba română', NULL, '119', '8.57');
INSERT INTO medii_admitere (cod_specializare, an, medie) VALUES ('119', '2025', '8.57');
INSERT INTO medii_admitere (cod_specializare, an, medie) VALUES ('119', '2024', '8.17');
INSERT INTO medii_admitere (cod_specializare, an, medie) VALUES ('119', '2023', '8.57');
INSERT INTO medii_admitere (cod_specializare, an, medie) VALUES ('119', '2022', '8.60');
INSERT INTO medii_admitere (cod_specializare, an, medie) VALUES ('119', '2021', '7.62');
INSERT INTO medii_admitere (cod_specializare, an, medie) VALUES ('119', '2020', '8.51');INSERT INTO specializari (id_liceu, profil, specializare, limba, bilingv, cod_specializare, medie_actuala) VALUES ('Lic030', 'Umanist', 'Filologie', 'Limba română', NULL, '392', '8.55');
INSERT INTO medii_admitere (cod_specializare, an, medie) VALUES ('392', '2025', '8.55');
INSERT INTO medii_admitere (cod_specializare, an, medie) VALUES ('392', '2024', '8.17');
INSERT INTO medii_admitere (cod_specializare, an, medie) VALUES ('392', '2023', '8.65');
INSERT INTO medii_admitere (cod_specializare, an, medie) VALUES ('392', '2022', '8.70');
INSERT INTO medii_admitere (cod_specializare, an, medie) VALUES ('392', '2021', '7.75');
INSERT INTO medii_admitere (cod_specializare, an, medie) VALUES ('392', '2020', '8.75');INSERT INTO specializari (id_liceu, profil, specializare, limba, bilingv, cod_specializare, medie_actuala) VALUES ('Lic071', 'Umanist', 'Filologie', 'Limba română', NULL, '328', '8.52');
INSERT INTO medii_admitere (cod_specializare, an, medie) VALUES ('328', '2025', '8.52');
INSERT INTO medii_admitere (cod_specializare, an, medie) VALUES ('328', '2024', '8.15');
INSERT INTO medii_admitere (cod_specializare, an, medie) VALUES ('328', '2023', '8.57');
INSERT INTO medii_admitere (cod_specializare, an, medie) VALUES ('328', '2022', '8.62');
INSERT INTO medii_admitere (cod_specializare, an, medie) VALUES ('328', '2021', '7.71');
INSERT INTO medii_admitere (cod_specializare, an, medie) VALUES ('328', '2020', '8.66');INSERT INTO specializari (id_liceu, profil, specializare, limba, bilingv, cod_specializare, medie_actuala) VALUES ('Lic091', 'Umanist', 'Filologie', 'Limba română', NULL, '214', '8.52');
INSERT INTO medii_admitere (cod_specializare, an, medie) VALUES ('214', '2025', '8.52');
INSERT INTO medii_admitere (cod_specializare, an, medie) VALUES ('214', '2024', '8.15');
INSERT INTO medii_admitere (cod_specializare, an, medie) VALUES ('214', '2023', '8.65');
INSERT INTO medii_admitere (cod_specializare, an, medie) VALUES ('214', '2022', '8.74');
INSERT INTO medii_admitere (cod_specializare, an, medie) VALUES ('214', '2021', '7.86');
INSERT INTO medii_admitere (cod_specializare, an, medie) VALUES ('214', '2020', '8.74');INSERT INTO specializari (id_liceu, profil, specializare, limba, bilingv, cod_specializare, medie_actuala) VALUES ('Lic030', 'Umanist', 'Filologie', 'Limba română', 'Limba portugheză(fără examen)', '393', '8.50');
INSERT INTO medii_admitere (cod_specializare, an, medie) VALUES ('393', '2025', '8.50');
INSERT INTO medii_admitere (cod_specializare, an, medie) VALUES ('393', '2024', '8.12');
INSERT INTO medii_admitere (cod_specializare, an, medie) VALUES ('393', '2023', '8.60');
INSERT INTO medii_admitere (cod_specializare, an, medie) VALUES ('393', '2022', '8.48');
INSERT INTO medii_admitere (cod_specializare, an, medie) VALUES ('393', '2021', '7.29');
INSERT INTO medii_admitere (cod_specializare, an, medie) VALUES ('393', '2020', '8.56');INSERT INTO specializari (id_liceu, profil, specializare, limba, bilingv, cod_specializare, medie_actuala) VALUES ('Lic091', 'Umanist', 'Științe Sociale', 'Limba română', NULL, '215', '8.50');
INSERT INTO medii_admitere (cod_specializare, an, medie) VALUES ('215', '2025', '8.50');
INSERT INTO medii_admitere (cod_specializare, an, medie) VALUES ('215', '2024', '8.10');
INSERT INTO medii_admitere (cod_specializare, an, medie) VALUES ('215', '2023', '8.62');
INSERT INTO medii_admitere (cod_specializare, an, medie) VALUES ('215', '2022', '8.71');
INSERT INTO medii_admitere (cod_specializare, an, medie) VALUES ('215', '2021', '7.67');
INSERT INTO medii_admitere (cod_specializare, an, medie) VALUES ('215', '2020', '8.70');INSERT INTO licee (id_liceu, nume, tip, sector, adresa) VALUES ('Lic007', '"Benjamin Franklin"', 'Liceul Teoretic', 3, 'S3 STR Tattarescu Gheorghe, pictor NR 1');
INSERT INTO specializari (id_liceu, profil, specializare, limba, bilingv, cod_specializare, medie_actuala) VALUES ('Lic007', 'Real', 'Matematică-Informatică', 'Limba română', NULL, '277', '8.57');
INSERT INTO medii_admitere (cod_specializare, an, medie) VALUES ('277', '2025', '8.57');
INSERT INTO medii_admitere (cod_specializare, an, medie) VALUES ('277', '2024', '8.10');
INSERT INTO medii_admitere (cod_specializare, an, medie) VALUES ('277', '2023', '8.42');
INSERT INTO medii_admitere (cod_specializare, an, medie) VALUES ('277', '2022', '8.35');
INSERT INTO medii_admitere (cod_specializare, an, medie) VALUES ('277', '2021', '6.81');
INSERT INTO medii_admitere (cod_specializare, an, medie) VALUES ('277', '2020', '8.42');INSERT INTO specializari (id_liceu, profil, specializare, limba, bilingv, cod_specializare, medie_actuala) VALUES ('Lic004', 'Umanist', 'Filologie', 'Limba română', 'Limba germană(cu examen)', '143', '8.61');
INSERT INTO medii_admitere (cod_specializare, an, medie) VALUES ('143', '2025', '8.61');
INSERT INTO medii_admitere (cod_specializare, an, medie) VALUES ('143', '2024', '8.10');
INSERT INTO medii_admitere (cod_specializare, an, medie) VALUES ('143', '2023', '8.67');
INSERT INTO medii_admitere (cod_specializare, an, medie) VALUES ('143', '2022', '8.68');
INSERT INTO medii_admitere (cod_specializare, an, medie) VALUES ('143', '2021', '7.48');
INSERT INTO medii_admitere (cod_specializare, an, medie) VALUES ('143', '2020', '8.87');INSERT INTO specializari (id_liceu, profil, specializare, limba, bilingv, cod_specializare, medie_actuala) VALUES ('Lic055', 'Real', 'Științe ale Naturii', 'Limba română', NULL, '384', '8.52');
INSERT INTO medii_admitere (cod_specializare, an, medie) VALUES ('384', '2025', '8.52');
INSERT INTO medii_admitere (cod_specializare, an, medie) VALUES ('384', '2024', '8.07');
INSERT INTO medii_admitere (cod_specializare, an, medie) VALUES ('384', '2023', NULL);
INSERT INTO medii_admitere (cod_specializare, an, medie) VALUES ('384', '2022', NULL);
INSERT INTO medii_admitere (cod_specializare, an, medie) VALUES ('384', '2021', '7.13');
INSERT INTO medii_admitere (cod_specializare, an, medie) VALUES ('384', '2020', '8.49');INSERT INTO licee (id_liceu, nume, tip, sector, adresa) VALUES ('Lic050', '"Ita Wegman"', 'Liceul Teoretic Bilingv', 2, 'S2 STR Pompeiu Dimitrie, mat. NR 3');
INSERT INTO specializari (id_liceu, profil, specializare, limba, bilingv, cod_specializare, medie_actuala) VALUES ('Lic050', 'Real', 'Științe ale Naturii', 'Limba română', 'Limba germană(fără examen)', '227', '8.55');
INSERT INTO medii_admitere (cod_specializare, an, medie) VALUES ('227', '2025', '8.55');
INSERT INTO medii_admitere (cod_specializare, an, medie) VALUES ('227', '2024', '8.05');
INSERT INTO medii_admitere (cod_specializare, an, medie) VALUES ('227', '2023', '8.47');
INSERT INTO medii_admitere (cod_specializare, an, medie) VALUES ('227', '2022', '8.30');
INSERT INTO medii_admitere (cod_specializare, an, medie) VALUES ('227', '2021', '6.70');
INSERT INTO medii_admitere (cod_specializare, an, medie) VALUES ('227', '2020', NULL);INSERT INTO licee (id_liceu, nume, tip, sector, adresa) VALUES ('Lic001', '"A.D.Xenopol"', 'Colegiul Economic', 2, 'S2 STR Traian NR 165');
INSERT INTO specializari (id_liceu, profil, specializare, limba, bilingv, cod_specializare, medie_actuala) VALUES ('Lic001', 'Servicii', 'Economic', 'Limba română', NULL, '259', '8.47');
INSERT INTO medii_admitere (cod_specializare, an, medie) VALUES ('259', '2025', '8.47');
INSERT INTO medii_admitere (cod_specializare, an, medie) VALUES ('259', '2024', '8.05');
INSERT INTO medii_admitere (cod_specializare, an, medie) VALUES ('259', '2023', '8.47');
INSERT INTO medii_admitere (cod_specializare, an, medie) VALUES ('259', '2022', '8.50');
INSERT INTO medii_admitere (cod_specializare, an, medie) VALUES ('259', '2021', '7.37');
INSERT INTO medii_admitere (cod_specializare, an, medie) VALUES ('259', '2020', '8.46');INSERT INTO licee (id_liceu, nume, tip, sector, adresa) VALUES ('Lic063', '"Mihail Sadoveanu"', 'Liceul Teoretic', 2, 'S2 STR Popa Lazăr NR 8A');
INSERT INTO specializari (id_liceu, profil, specializare, limba, bilingv, cod_specializare, medie_actuala) VALUES ('Lic063', 'Umanist', 'Științe Sociale', 'Limba română', NULL, '223', '8.37');
INSERT INTO medii_admitere (cod_specializare, an, medie) VALUES ('223', '2025', '8.37');
INSERT INTO medii_admitere (cod_specializare, an, medie) VALUES ('223', '2024', '8.02');
INSERT INTO medii_admitere (cod_specializare, an, medie) VALUES ('223', '2023', '8.47');
INSERT INTO medii_admitere (cod_specializare, an, medie) VALUES ('223', '2022', '8.52');
INSERT INTO medii_admitere (cod_specializare, an, medie) VALUES ('223', '2021', '7.45');
INSERT INTO medii_admitere (cod_specializare, an, medie) VALUES ('223', '2020', '8.60');INSERT INTO specializari (id_liceu, profil, specializare, limba, bilingv, cod_specializare, medie_actuala) VALUES ('Lic091', 'Real', 'Științe ale Naturii', 'Limba română', NULL, '213', '8.47');
INSERT INTO medii_admitere (cod_specializare, an, medie) VALUES ('213', '2025', '8.47');
INSERT INTO medii_admitere (cod_specializare, an, medie) VALUES ('213', '2024', '8.02');
INSERT INTO medii_admitere (cod_specializare, an, medie) VALUES ('213', '2023', '8.50');
INSERT INTO medii_admitere (cod_specializare, an, medie) VALUES ('213', '2022', '8.59');
INSERT INTO medii_admitere (cod_specializare, an, medie) VALUES ('213', '2021', '7.33');
INSERT INTO medii_admitere (cod_specializare, an, medie) VALUES ('213', '2020', '8.56');INSERT INTO specializari (id_liceu, profil, specializare, limba, bilingv, cod_specializare, medie_actuala) VALUES ('Lic007', 'Real', 'Științe ale Naturii', 'Limba română', NULL, '278', '8.50');
INSERT INTO medii_admitere (cod_specializare, an, medie) VALUES ('278', '2025', '8.50');
INSERT INTO medii_admitere (cod_specializare, an, medie) VALUES ('278', '2024', '8.02');
INSERT INTO medii_admitere (cod_specializare, an, medie) VALUES ('278', '2023', '8.37');
INSERT INTO medii_admitere (cod_specializare, an, medie) VALUES ('278', '2022', '8.44');
INSERT INTO medii_admitere (cod_specializare, an, medie) VALUES ('278', '2021', '7.15');
INSERT INTO medii_admitere (cod_specializare, an, medie) VALUES ('278', '2020', '8.41');INSERT INTO specializari (id_liceu, profil, specializare, limba, bilingv, cod_specializare, medie_actuala) VALUES ('Lic014', 'Umanist', 'Filologie', 'Limba română', NULL, '135', '8.47');
INSERT INTO medii_admitere (cod_specializare, an, medie) VALUES ('135', '2025', '8.47');
INSERT INTO medii_admitere (cod_specializare, an, medie) VALUES ('135', '2024', '8.00');
INSERT INTO medii_admitere (cod_specializare, an, medie) VALUES ('135', '2023', '8.32');
INSERT INTO medii_admitere (cod_specializare, an, medie) VALUES ('135', '2022', '8.32');
INSERT INTO medii_admitere (cod_specializare, an, medie) VALUES ('135', '2021', '7.10');
INSERT INTO medii_admitere (cod_specializare, an, medie) VALUES ('135', '2020', '8.22');INSERT INTO specializari (id_liceu, profil, specializare, limba, bilingv, cod_specializare, medie_actuala) VALUES ('Lic001', 'Servicii', 'Turism și alimentație', 'Limba română', NULL, '260', '8.42');
INSERT INTO medii_admitere (cod_specializare, an, medie) VALUES ('260', '2025', '8.42');
INSERT INTO medii_admitere (cod_specializare, an, medie) VALUES ('260', '2024', '7.97');
INSERT INTO medii_admitere (cod_specializare, an, medie) VALUES ('260', '2023', '8.40');
INSERT INTO medii_admitere (cod_specializare, an, medie) VALUES ('260', '2022', '8.45');
INSERT INTO medii_admitere (cod_specializare, an, medie) VALUES ('260', '2021', '7.27');
INSERT INTO medii_admitere (cod_specializare, an, medie) VALUES ('260', '2020', '8.44');INSERT INTO specializari (id_liceu, profil, specializare, limba, bilingv, cod_specializare, medie_actuala) VALUES ('Lic055', 'Umanist', 'Filologie', 'Limba română', NULL, '385', '8.40');
INSERT INTO medii_admitere (cod_specializare, an, medie) VALUES ('385', '2025', '8.40');
INSERT INTO medii_admitere (cod_specializare, an, medie) VALUES ('385', '2024', '7.97');
INSERT INTO medii_admitere (cod_specializare, an, medie) VALUES ('385', '2023', '8.42');
INSERT INTO medii_admitere (cod_specializare, an, medie) VALUES ('385', '2022', '8.52');
INSERT INTO medii_admitere (cod_specializare, an, medie) VALUES ('385', '2021', '7.45');
INSERT INTO medii_admitere (cod_specializare, an, medie) VALUES ('385', '2020', '8.41');INSERT INTO specializari (id_liceu, profil, specializare, limba, bilingv, cod_specializare, medie_actuala) VALUES ('Lic081', 'Umanist', 'Filologie', 'Limba română', NULL, '333', '8.45');
INSERT INTO medii_admitere (cod_specializare, an, medie) VALUES ('333', '2025', '8.45');
INSERT INTO medii_admitere (cod_specializare, an, medie) VALUES ('333', '2024', '7.95');
INSERT INTO medii_admitere (cod_specializare, an, medie) VALUES ('333', '2023', '8.32');
INSERT INTO medii_admitere (cod_specializare, an, medie) VALUES ('333', '2022', '8.26');
INSERT INTO medii_admitere (cod_specializare, an, medie) VALUES ('333', '2021', NULL);
INSERT INTO medii_admitere (cod_specializare, an, medie) VALUES ('333', '2020', '8.45');INSERT INTO specializari (id_liceu, profil, specializare, limba, bilingv, cod_specializare, medie_actuala) VALUES ('Lic063', 'Real', 'Matematică-Informatică', 'Limba română', NULL, '221', '8.35');
INSERT INTO medii_admitere (cod_specializare, an, medie) VALUES ('221', '2025', '8.35');
INSERT INTO medii_admitere (cod_specializare, an, medie) VALUES ('221', '2024', '7.92');
INSERT INTO medii_admitere (cod_specializare, an, medie) VALUES ('221', '2023', '8.42');
INSERT INTO medii_admitere (cod_specializare, an, medie) VALUES ('221', '2022', '8.38');
INSERT INTO medii_admitere (cod_specializare, an, medie) VALUES ('221', '2021', '6.84');
INSERT INTO medii_admitere (cod_specializare, an, medie) VALUES ('221', '2020', '8.55');INSERT INTO specializari (id_liceu, profil, specializare, limba, bilingv, cod_specializare, medie_actuala) VALUES ('Lic051', 'Umanist', 'Filologie', 'Limba română', 'Limba spaniolă(cu examen)', '193', '8.60');
INSERT INTO medii_admitere (cod_specializare, an, medie) VALUES ('193', '2025', '8.60');
INSERT INTO medii_admitere (cod_specializare, an, medie) VALUES ('193', '2024', '7.92');
INSERT INTO medii_admitere (cod_specializare, an, medie) VALUES ('193', '2023', '8.20');
INSERT INTO medii_admitere (cod_specializare, an, medie) VALUES ('193', '2022', '7.74');
INSERT INTO medii_admitere (cod_specializare, an, medie) VALUES ('193', '2021', '7.67');
INSERT INTO medii_admitere (cod_specializare, an, medie) VALUES ('193', '2020', '8.21');INSERT INTO specializari (id_liceu, profil, specializare, limba, bilingv, cod_specializare, medie_actuala) VALUES ('Lic014', 'Umanist', 'Științe Sociale', 'Limba română', NULL, '136', '8.45');
INSERT INTO medii_admitere (cod_specializare, an, medie) VALUES ('136', '2025', '8.45');
INSERT INTO medii_admitere (cod_specializare, an, medie) VALUES ('136', '2024', '7.90');
INSERT INTO medii_admitere (cod_specializare, an, medie) VALUES ('136', '2023', '8.25');
INSERT INTO medii_admitere (cod_specializare, an, medie) VALUES ('136', '2022', '8.24');
INSERT INTO medii_admitere (cod_specializare, an, medie) VALUES ('136', '2021', '6.90');
INSERT INTO medii_admitere (cod_specializare, an, medie) VALUES ('136', '2020', '8.20');INSERT INTO licee (id_liceu, nume, tip, sector, adresa) VALUES ('Lic018', '"Dimitrie Bolintineanu"', 'Liceul Teoretic', 5, 'S5 STR Rahovei NR 315');
INSERT INTO specializari (id_liceu, profil, specializare, limba, bilingv, cod_specializare, medie_actuala) VALUES ('Lic018', 'Umanist', 'Științe Sociale', 'Limba română', NULL, '354', '8.37');
INSERT INTO medii_admitere (cod_specializare, an, medie) VALUES ('354', '2025', '8.37');
INSERT INTO medii_admitere (cod_specializare, an, medie) VALUES ('354', '2024', '7.92');
INSERT INTO medii_admitere (cod_specializare, an, medie) VALUES ('354', '2023', '8.37');
INSERT INTO medii_admitere (cod_specializare, an, medie) VALUES ('354', '2022', '8.47');
INSERT INTO medii_admitere (cod_specializare, an, medie) VALUES ('354', '2021', '7.44');
INSERT INTO medii_admitere (cod_specializare, an, medie) VALUES ('354', '2020', '8.55');INSERT INTO specializari (id_liceu, profil, specializare, limba, bilingv, cod_specializare, medie_actuala) VALUES ('Lic050', 'Umanist', 'Științe Sociale', 'Limba română', 'Limba germană(fără examen)', '228', '8.42');
INSERT INTO medii_admitere (cod_specializare, an, medie) VALUES ('228', '2025', '8.42');
INSERT INTO medii_admitere (cod_specializare, an, medie) VALUES ('228', '2024', '7.92');
INSERT INTO medii_admitere (cod_specializare, an, medie) VALUES ('228', '2023', '8.35');
INSERT INTO medii_admitere (cod_specializare, an, medie) VALUES ('228', '2022', '8.29');
INSERT INTO medii_admitere (cod_specializare, an, medie) VALUES ('228', '2021', NULL);
INSERT INTO medii_admitere (cod_specializare, an, medie) VALUES ('228', '2020', '8.04');INSERT INTO specializari (id_liceu, profil, specializare, limba, bilingv, cod_specializare, medie_actuala) VALUES ('Lic063', 'Umanist', 'Filologie', 'Limba română', NULL, '222', '8.30');
INSERT INTO medii_admitere (cod_specializare, an, medie) VALUES ('222', '2025', '8.30');
INSERT INTO medii_admitere (cod_specializare, an, medie) VALUES ('222', '2024', '7.90');
INSERT INTO medii_admitere (cod_specializare, an, medie) VALUES ('222', '2023', '8.45');
INSERT INTO medii_admitere (cod_specializare, an, medie) VALUES ('222', '2022', '8.60');
INSERT INTO medii_admitere (cod_specializare, an, medie) VALUES ('222', '2021', '7.64');
INSERT INTO medii_admitere (cod_specializare, an, medie) VALUES ('222', '2020', '8.54');INSERT INTO specializari (id_liceu, profil, specializare, limba, bilingv, cod_specializare, medie_actuala) VALUES ('Lic055', 'Umanist', 'Științe Sociale', 'Limba română', NULL, '386', '8.35');
INSERT INTO medii_admitere (cod_specializare, an, medie) VALUES ('386', '2025', '8.35');
INSERT INTO medii_admitere (cod_specializare, an, medie) VALUES ('386', '2024', '7.90');
INSERT INTO medii_admitere (cod_specializare, an, medie) VALUES ('386', '2023', '8.37');
INSERT INTO medii_admitere (cod_specializare, an, medie) VALUES ('386', '2022', '8.43');
INSERT INTO medii_admitere (cod_specializare, an, medie) VALUES ('386', '2021', '6.94');
INSERT INTO medii_admitere (cod_specializare, an, medie) VALUES ('386', '2020', '8.39');INSERT INTO specializari (id_liceu, profil, specializare, limba, bilingv, cod_specializare, medie_actuala) VALUES ('Lic007', 'Umanist', 'Filologie', 'Limba română', NULL, '279', '8.35');
INSERT INTO medii_admitere (cod_specializare, an, medie) VALUES ('279', '2025', '8.35');
INSERT INTO medii_admitere (cod_specializare, an, medie) VALUES ('279', '2024', '7.90');
INSERT INTO medii_admitere (cod_specializare, an, medie) VALUES ('279', '2023', '8.35');
INSERT INTO medii_admitere (cod_specializare, an, medie) VALUES ('279', '2022', '8.49');
INSERT INTO medii_admitere (cod_specializare, an, medie) VALUES ('279', '2021', '7.50');
INSERT INTO medii_admitere (cod_specializare, an, medie) VALUES ('279', '2020', '8.44');INSERT INTO specializari (id_liceu, profil, specializare, limba, bilingv, cod_specializare, medie_actuala) VALUES ('Lic058', 'Real', 'Matematică-Informatică', 'Limba română', 'Limba spaniolă(cu examen)', '146', '8.80');
INSERT INTO medii_admitere (cod_specializare, an, medie) VALUES ('146', '2025', '8.80');
INSERT INTO medii_admitere (cod_specializare, an, medie) VALUES ('146', '2024', '7.87');
INSERT INTO medii_admitere (cod_specializare, an, medie) VALUES ('146', '2023', '8.20');
INSERT INTO medii_admitere (cod_specializare, an, medie) VALUES ('146', '2022', '8.60');
INSERT INTO medii_admitere (cod_specializare, an, medie) VALUES ('146', '2021', '6.35');
INSERT INTO medii_admitere (cod_specializare, an, medie) VALUES ('146', '2020', '8.54');INSERT INTO licee (id_liceu, nume, tip, sector, adresa) VALUES ('Lic072', '"Petru Maior"', 'Colegiul Tehnic', 6, 'S6 STR Timișoara NR 6');
INSERT INTO specializari (id_liceu, profil, specializare, limba, bilingv, cod_specializare, medie_actuala) VALUES ('Lic072', 'Real', 'Matematică-Informatică', 'Limba română', NULL, '400', '8.40');
INSERT INTO medii_admitere (cod_specializare, an, medie) VALUES ('400', '2025', '8.40');
INSERT INTO medii_admitere (cod_specializare, an, medie) VALUES ('400', '2024', '7.87');
INSERT INTO medii_admitere (cod_specializare, an, medie) VALUES ('400', '2023', '8.32');
INSERT INTO medii_admitere (cod_specializare, an, medie) VALUES ('400', '2022', '8.23');
INSERT INTO medii_admitere (cod_specializare, an, medie) VALUES ('400', '2021', '6.67');
INSERT INTO medii_admitere (cod_specializare, an, medie) VALUES ('400', '2020', '8.34');INSERT INTO specializari (id_liceu, profil, specializare, limba, bilingv, cod_specializare, medie_actuala) VALUES ('Lic018', 'Real', 'Matematică-Informatică', 'Limba română', NULL, '351', '8.32');
INSERT INTO medii_admitere (cod_specializare, an, medie) VALUES ('351', '2025', '8.32');
INSERT INTO medii_admitere (cod_specializare, an, medie) VALUES ('351', '2024', '7.85');
INSERT INTO medii_admitere (cod_specializare, an, medie) VALUES ('351', '2023', '8.32');
INSERT INTO medii_admitere (cod_specializare, an, medie) VALUES ('351', '2022', '8.20');
INSERT INTO medii_admitere (cod_specializare, an, medie) VALUES ('351', '2021', '5.35');
INSERT INTO medii_admitere (cod_specializare, an, medie) VALUES ('351', '2020', '8.33');INSERT INTO licee (id_liceu, nume, tip, sector, adresa) VALUES ('Lic012', '"Costin C. Kirițescu"', 'Colegiul Economic', 6, 'S6 STR Peștera Dâmbovicioara NR 12');
INSERT INTO specializari (id_liceu, profil, specializare, limba, bilingv, cod_specializare, medie_actuala) VALUES ('Lic012', 'Servicii', 'Economic', 'Limba română', NULL, '426', '8.30');
INSERT INTO medii_admitere (cod_specializare, an, medie) VALUES ('426', '2025', '8.30');
INSERT INTO medii_admitere (cod_specializare, an, medie) VALUES ('426', '2024', '7.82');
INSERT INTO medii_admitere (cod_specializare, an, medie) VALUES ('426', '2023', '8.25');
INSERT INTO medii_admitere (cod_specializare, an, medie) VALUES ('426', '2022', '8.19');
INSERT INTO medii_admitere (cod_specializare, an, medie) VALUES ('426', '2021', '6.96');
INSERT INTO medii_admitere (cod_specializare, an, medie) VALUES ('426', '2020', '8.34');INSERT INTO licee (id_liceu, nume, tip, sector, adresa) VALUES ('Lic045', '"Ioan N. Socolescu"', 'Colegiul Tehnic de Arhitectură și Lucrări Publice', 1, 'S1 STR Occidentului NR 12');
INSERT INTO specializari (id_liceu, profil, specializare, limba, bilingv, cod_specializare, medie_actuala) VALUES ('Lic045', 'Real', 'Matematică-Informatică', 'Limba română', NULL, '178', '8.30');
INSERT INTO medii_admitere (cod_specializare, an, medie) VALUES ('178', '2025', '8.30');
INSERT INTO medii_admitere (cod_specializare, an, medie) VALUES ('178', '2024', '7.82');
INSERT INTO medii_admitere (cod_specializare, an, medie) VALUES ('178', '2023', '8.20');
INSERT INTO medii_admitere (cod_specializare, an, medie) VALUES ('178', '2022', '8.13');
INSERT INTO medii_admitere (cod_specializare, an, medie) VALUES ('178', '2021', '3.62');
INSERT INTO medii_admitere (cod_specializare, an, medie) VALUES ('178', '2020', '8.13');INSERT INTO specializari (id_liceu, profil, specializare, limba, bilingv, cod_specializare, medie_actuala) VALUES ('Lic018', 'Umanist', 'Filologie', 'Limba română', NULL, '353', '8.22');
INSERT INTO medii_admitere (cod_specializare, an, medie) VALUES ('353', '2025', '8.22');
INSERT INTO medii_admitere (cod_specializare, an, medie) VALUES ('353', '2024', '7.80');
INSERT INTO medii_admitere (cod_specializare, an, medie) VALUES ('353', '2023', '8.27');
INSERT INTO medii_admitere (cod_specializare, an, medie) VALUES ('353', '2022', '8.36');
INSERT INTO medii_admitere (cod_specializare, an, medie) VALUES ('353', '2021', '7.20');
INSERT INTO medii_admitere (cod_specializare, an, medie) VALUES ('353', '2020', '8.35');INSERT INTO specializari (id_liceu, profil, specializare, limba, bilingv, cod_specializare, medie_actuala) VALUES ('Lic018', 'Real', 'Științe ale Naturii', 'Limba română', NULL, '352', '8.25');
INSERT INTO medii_admitere (cod_specializare, an, medie) VALUES ('352', '2025', '8.25');
INSERT INTO medii_admitere (cod_specializare, an, medie) VALUES ('352', '2024', '7.80');
INSERT INTO medii_admitere (cod_specializare, an, medie) VALUES ('352', '2023', '8.25');
INSERT INTO medii_admitere (cod_specializare, an, medie) VALUES ('352', '2022', '8.24');
INSERT INTO medii_admitere (cod_specializare, an, medie) VALUES ('352', '2021', '6.98');
INSERT INTO medii_admitere (cod_specializare, an, medie) VALUES ('352', '2020', '8.22');INSERT INTO specializari (id_liceu, profil, specializare, limba, bilingv, cod_specializare, medie_actuala) VALUES ('Lic058', 'Umanist', 'Filologie', 'Limba română', 'Limba spaniolă(cu examen)', '148', '8.47');
INSERT INTO medii_admitere (cod_specializare, an, medie) VALUES ('148', '2025', '8.47');
INSERT INTO medii_admitere (cod_specializare, an, medie) VALUES ('148', '2024', '7.77');
INSERT INTO medii_admitere (cod_specializare, an, medie) VALUES ('148', '2023', '7.30');
INSERT INTO medii_admitere (cod_specializare, an, medie) VALUES ('148', '2022', '7.93');
INSERT INTO medii_admitere (cod_specializare, an, medie) VALUES ('148', '2021', '7.19');
INSERT INTO medii_admitere (cod_specializare, an, medie) VALUES ('148', '2020', '8.17');INSERT INTO licee (id_liceu, nume, tip, sector, adresa) VALUES ('Lic086', '"Traian"', 'Liceul Teoretic', 2, 'S2 STR Galvani Luigi, fizician NR 20');
INSERT INTO specializari (id_liceu, profil, specializare, limba, bilingv, cod_specializare, medie_actuala) VALUES ('Lic086', 'Real', 'Matematică-Informatică', 'Limba română', NULL, '229', '8.17');
INSERT INTO medii_admitere (cod_specializare, an, medie) VALUES ('229', '2025', '8.17');
INSERT INTO medii_admitere (cod_specializare, an, medie) VALUES ('229', '2024', '7.75');
INSERT INTO medii_admitere (cod_specializare, an, medie) VALUES ('229', '2023', '8.15');
INSERT INTO medii_admitere (cod_specializare, an, medie) VALUES ('229', '2022', '7.97');
INSERT INTO medii_admitere (cod_specializare, an, medie) VALUES ('229', '2021', '5.49');
INSERT INTO medii_admitere (cod_specializare, an, medie) VALUES ('229', '2020', '8.26');INSERT INTO specializari (id_liceu, profil, specializare, limba, bilingv, cod_specializare, medie_actuala) VALUES ('Lic072', 'Umanist', 'Filologie', 'Limba română', NULL, '401', '8.22');
INSERT INTO medii_admitere (cod_specializare, an, medie) VALUES ('401', '2025', '8.22');
INSERT INTO medii_admitere (cod_specializare, an, medie) VALUES ('401', '2024', '7.75');
INSERT INTO medii_admitere (cod_specializare, an, medie) VALUES ('401', '2023', '8.22');
INSERT INTO medii_admitere (cod_specializare, an, medie) VALUES ('401', '2022', '8.29');
INSERT INTO medii_admitere (cod_specializare, an, medie) VALUES ('401', '2021', '7.04');
INSERT INTO medii_admitere (cod_specializare, an, medie) VALUES ('401', '2020', '8.27');INSERT INTO licee (id_liceu, nume, tip, sector, adresa) VALUES ('Lic017', '"Decebal"', 'Liceul Teoretic', 3, 'S3 STR Energeticienilor NR 9-11');
INSERT INTO specializari (id_liceu, profil, specializare, limba, bilingv, cod_specializare, medie_actuala) VALUES ('Lic017', 'Real', 'Matematică-Informatică', 'Limba română', NULL, '282', '8.20');
INSERT INTO medii_admitere (cod_specializare, an, medie) VALUES ('282', '2025', '8.20');
INSERT INTO medii_admitere (cod_specializare, an, medie) VALUES ('282', '2024', '7.75');
INSERT INTO medii_admitere (cod_specializare, an, medie) VALUES ('282', '2023', '8.27');
INSERT INTO medii_admitere (cod_specializare, an, medie) VALUES ('282', '2022', '8.14');
INSERT INTO medii_admitere (cod_specializare, an, medie) VALUES ('282', '2021', '6.19');
INSERT INTO medii_admitere (cod_specializare, an, medie) VALUES ('282', '2020', '8.10');INSERT INTO licee (id_liceu, nume, tip, sector, adresa) VALUES ('Lic065', '"Mircea Eliade"', 'Liceul Cu Program Sportiv', 6, 'S6 STR Independenței NR 315 - 317');
INSERT INTO specializari (id_liceu, profil, specializare, limba, bilingv, cod_specializare, medie_actuala) VALUES ('Lic065', 'Umanist', 'Științe Sociale', 'Limba română', NULL, '416', '8.17');
INSERT INTO medii_admitere (cod_specializare, an, medie) VALUES ('416', '2025', '8.17');
INSERT INTO medii_admitere (cod_specializare, an, medie) VALUES ('416', '2024', '7.72');
INSERT INTO medii_admitere (cod_specializare, an, medie) VALUES ('416', '2023', '8.20');
INSERT INTO medii_admitere (cod_specializare, an, medie) VALUES ('416', '2022', '8.17');
INSERT INTO medii_admitere (cod_specializare, an, medie) VALUES ('416', '2021', '6.89');
INSERT INTO medii_admitere (cod_specializare, an, medie) VALUES ('416', '2020', '8.29');INSERT INTO specializari (id_liceu, profil, specializare, limba, bilingv, cod_specializare, medie_actuala) VALUES ('Lic072', 'Umanist', 'Științe Sociale', 'Limba română', NULL, '402', '8.22');
INSERT INTO medii_admitere (cod_specializare, an, medie) VALUES ('402', '2025', '8.22');
INSERT INTO medii_admitere (cod_specializare, an, medie) VALUES ('402', '2024', '7.72');
INSERT INTO medii_admitere (cod_specializare, an, medie) VALUES ('402', '2023', '8.22');
INSERT INTO medii_admitere (cod_specializare, an, medie) VALUES ('402', '2022', '8.29');
INSERT INTO medii_admitere (cod_specializare, an, medie) VALUES ('402', '2021', '7.01');
INSERT INTO medii_admitere (cod_specializare, an, medie) VALUES ('402', '2020', '8.23');INSERT INTO specializari (id_liceu, profil, specializare, limba, bilingv, cod_specializare, medie_actuala) VALUES ('Lic012', 'Servicii', 'Turism și alimentație', 'Limba română', NULL, '427', '8.20');
INSERT INTO medii_admitere (cod_specializare, an, medie) VALUES ('427', '2025', '8.20');
INSERT INTO medii_admitere (cod_specializare, an, medie) VALUES ('427', '2024', '7.70');
INSERT INTO medii_admitere (cod_specializare, an, medie) VALUES ('427', '2023', '8.17');
INSERT INTO medii_admitere (cod_specializare, an, medie) VALUES ('427', '2022', '8.05');
INSERT INTO medii_admitere (cod_specializare, an, medie) VALUES ('427', '2021', '6.67');
INSERT INTO medii_admitere (cod_specializare, an, medie) VALUES ('427', '2020', '8.23');INSERT INTO licee (id_liceu, nume, tip, sector, adresa) VALUES ('Lic084', '"Timotei Cipariu"', 'Liceul Greco-Catolic', 6, 'S6 STR Bucegi NR 97');
INSERT INTO specializari (id_liceu, profil, specializare, limba, bilingv, cod_specializare, medie_actuala) VALUES ('Lic084', 'Real', 'Matematică-Informatică', 'Limba română', NULL, '155', '8.10');
INSERT INTO medii_admitere (cod_specializare, an, medie) VALUES ('155', '2025', '8.10');
INSERT INTO medii_admitere (cod_specializare, an, medie) VALUES ('155', '2024', '7.70');
INSERT INTO medii_admitere (cod_specializare, an, medie) VALUES ('155', '2023', '8.25');
INSERT INTO medii_admitere (cod_specializare, an, medie) VALUES ('155', '2022', '8.23');
INSERT INTO medii_admitere (cod_specializare, an, medie) VALUES ('155', '2021', '4.63');
INSERT INTO medii_admitere (cod_specializare, an, medie) VALUES ('155', '2020', '8.10');INSERT INTO licee (id_liceu, nume, tip, sector, adresa) VALUES ('Lic054', '"Lucian Blaga"', 'Liceul Teoretic', 2, 'S2 STR Pantelimon NR 355');
INSERT INTO specializari (id_liceu, profil, specializare, limba, bilingv, cod_specializare, medie_actuala) VALUES ('Lic054', 'Real', 'Matematică-Informatică', 'Limba română', NULL, '217', '8.17');
INSERT INTO medii_admitere (cod_specializare, an, medie) VALUES ('217', '2025', '8.17');
INSERT INTO medii_admitere (cod_specializare, an, medie) VALUES ('217', '2024', '7.70');
INSERT INTO medii_admitere (cod_specializare, an, medie) VALUES ('217', '2023', '8.27');
INSERT INTO medii_admitere (cod_specializare, an, medie) VALUES ('217', '2022', '8.25');
INSERT INTO medii_admitere (cod_specializare, an, medie) VALUES ('217', '2021', '6.33');
INSERT INTO medii_admitere (cod_specializare, an, medie) VALUES ('217', '2020', '8.38');INSERT INTO licee (id_liceu, nume, tip, sector, adresa) VALUES ('Lic041', '"Henri Coandă"', 'Colegiul Tehnic de Aeronautică', 1, 'S1 STR Ficusului NR 44');
INSERT INTO specializari (id_liceu, profil, specializare, limba, bilingv, cod_specializare, medie_actuala) VALUES ('Lic041', 'Real', 'Matematică-Informatică', 'Limba română', NULL, '169', '8.00');
INSERT INTO medii_admitere (cod_specializare, an, medie) VALUES ('169', '2025', '8.00');
INSERT INTO medii_admitere (cod_specializare, an, medie) VALUES ('169', '2024', '7.67');
INSERT INTO medii_admitere (cod_specializare, an, medie) VALUES ('169', '2023', '8.15');
INSERT INTO medii_admitere (cod_specializare, an, medie) VALUES ('169', '2022', '8.16');
INSERT INTO medii_admitere (cod_specializare, an, medie) VALUES ('169', '2021', '6.41');
INSERT INTO medii_admitere (cod_specializare, an, medie) VALUES ('169', '2020', '7.93');INSERT INTO licee (id_liceu, nume, tip, sector, adresa) VALUES ('Lic067', '"Nichita Stănescu"', 'Liceul Teoretic', 3, 'S3 STR Pătrășcanu Lucrețiu NR 12');
INSERT INTO specializari (id_liceu, profil, specializare, limba, bilingv, cod_specializare, medie_actuala) VALUES ('Lic067', 'Real', 'Matematică-Informatică', 'Limba română', NULL, '280', '8.17');
INSERT INTO medii_admitere (cod_specializare, an, medie) VALUES ('280', '2025', '8.17');
INSERT INTO medii_admitere (cod_specializare, an, medie) VALUES ('280', '2024', '7.67');
INSERT INTO medii_admitere (cod_specializare, an, medie) VALUES ('280', '2023', '8.10');
INSERT INTO medii_admitere (cod_specializare, an, medie) VALUES ('280', '2022', '7.98');
INSERT INTO medii_admitere (cod_specializare, an, medie) VALUES ('280', '2021', '4.74');
INSERT INTO medii_admitere (cod_specializare, an, medie) VALUES ('280', '2020', '8.18');INSERT INTO specializari (id_liceu, profil, specializare, limba, bilingv, cod_specializare, medie_actuala) VALUES ('Lic065', 'Real', 'Științe ale Naturii', 'Limba română', NULL, '415', '8.17');
INSERT INTO medii_admitere (cod_specializare, an, medie) VALUES ('415', '2025', '8.17');
INSERT INTO medii_admitere (cod_specializare, an, medie) VALUES ('415', '2024', '7.65');
INSERT INTO medii_admitere (cod_specializare, an, medie) VALUES ('415', '2023', '8.15');
INSERT INTO medii_admitere (cod_specializare, an, medie) VALUES ('415', '2022', '8.05');
INSERT INTO medii_admitere (cod_specializare, an, medie) VALUES ('415', '2021', '6.27');
INSERT INTO medii_admitere (cod_specializare, an, medie) VALUES ('415', '2020', '8.17');INSERT INTO specializari (id_liceu, profil, specializare, limba, bilingv, cod_specializare, medie_actuala) VALUES ('Lic054', 'Umanist', 'Științe Sociale', 'Limba română', NULL, '220', '8.05');
INSERT INTO medii_admitere (cod_specializare, an, medie) VALUES ('220', '2025', '8.05');
INSERT INTO medii_admitere (cod_specializare, an, medie) VALUES ('220', '2024', '7.65');
INSERT INTO medii_admitere (cod_specializare, an, medie) VALUES ('220', '2023', '8.15');
INSERT INTO medii_admitere (cod_specializare, an, medie) VALUES ('220', '2022', '8.13');
INSERT INTO medii_admitere (cod_specializare, an, medie) VALUES ('220', '2021', '6.60');
INSERT INTO medii_admitere (cod_specializare, an, medie) VALUES ('220', '2020', '8.23');INSERT INTO specializari (id_liceu, profil, specializare, limba, bilingv, cod_specializare, medie_actuala) VALUES ('Lic054', 'Real', 'Științe ale Naturii', 'Limba română', NULL, '218', '8.07');
INSERT INTO medii_admitere (cod_specializare, an, medie) VALUES ('218', '2025', '8.07');
INSERT INTO medii_admitere (cod_specializare, an, medie) VALUES ('218', '2024', '7.62');
INSERT INTO medii_admitere (cod_specializare, an, medie) VALUES ('218', '2023', '8.15');
INSERT INTO medii_admitere (cod_specializare, an, medie) VALUES ('218', '2022', '8.09');
INSERT INTO medii_admitere (cod_specializare, an, medie) VALUES ('218', '2021', '6.28');
INSERT INTO medii_admitere (cod_specializare, an, medie) VALUES ('218', '2020', '8.19');INSERT INTO specializari (id_liceu, profil, specializare, limba, bilingv, cod_specializare, medie_actuala) VALUES ('Lic086', 'Real', 'Științe ale Naturii', 'Limba română', NULL, '230', '8.07');
INSERT INTO medii_admitere (cod_specializare, an, medie) VALUES ('230', '2025', '8.07');
INSERT INTO medii_admitere (cod_specializare, an, medie) VALUES ('230', '2024', '7.60');
INSERT INTO medii_admitere (cod_specializare, an, medie) VALUES ('230', '2023', '8.02');
INSERT INTO medii_admitere (cod_specializare, an, medie) VALUES ('230', '2022', '7.90');
INSERT INTO medii_admitere (cod_specializare, an, medie) VALUES ('230', '2021', '5.63');
INSERT INTO medii_admitere (cod_specializare, an, medie) VALUES ('230', '2020', '8.04');INSERT INTO specializari (id_liceu, profil, specializare, limba, bilingv, cod_specializare, medie_actuala) VALUES ('Lic054', 'Umanist', 'Filologie', 'Limba română', NULL, '219', '8.05');
INSERT INTO medii_admitere (cod_specializare, an, medie) VALUES ('219', '2025', '8.05');
INSERT INTO medii_admitere (cod_specializare, an, medie) VALUES ('219', '2024', '7.55');
INSERT INTO medii_admitere (cod_specializare, an, medie) VALUES ('219', '2023', '8.15');
INSERT INTO medii_admitere (cod_specializare, an, medie) VALUES ('219', '2022', '8.33');
INSERT INTO medii_admitere (cod_specializare, an, medie) VALUES ('219', '2021', '7.08');
INSERT INTO medii_admitere (cod_specializare, an, medie) VALUES ('219', '2020', '8.22');INSERT INTO specializari (id_liceu, profil, specializare, limba, bilingv, cod_specializare, medie_actuala) VALUES ('Lic067', 'Umanist', 'Științe Sociale', 'Limba română', NULL, '281', '8.02');
INSERT INTO medii_admitere (cod_specializare, an, medie) VALUES ('281', '2025', '8.02');
INSERT INTO medii_admitere (cod_specializare, an, medie) VALUES ('281', '2024', '7.52');
INSERT INTO medii_admitere (cod_specializare, an, medie) VALUES ('281', '2023', '8.00');
INSERT INTO medii_admitere (cod_specializare, an, medie) VALUES ('281', '2022', '8.05');
INSERT INTO medii_admitere (cod_specializare, an, medie) VALUES ('281', '2021', '6.59');
INSERT INTO medii_admitere (cod_specializare, an, medie) VALUES ('281', '2020', '8.15');INSERT INTO specializari (id_liceu, profil, specializare, limba, bilingv, cod_specializare, medie_actuala) VALUES ('Lic086', 'Umanist', 'Filologie', 'Limba română', NULL, '231', '8.02');
INSERT INTO medii_admitere (cod_specializare, an, medie) VALUES ('231', '2025', '8.02');
INSERT INTO medii_admitere (cod_specializare, an, medie) VALUES ('231', '2024', '7.52');
INSERT INTO medii_admitere (cod_specializare, an, medie) VALUES ('231', '2023', '8.02');
INSERT INTO medii_admitere (cod_specializare, an, medie) VALUES ('231', '2022', '8.11');
INSERT INTO medii_admitere (cod_specializare, an, medie) VALUES ('231', '2021', '6.75');
INSERT INTO medii_admitere (cod_specializare, an, medie) VALUES ('231', '2020', '8.08');INSERT INTO specializari (id_liceu, profil, specializare, limba, bilingv, cod_specializare, medie_actuala) VALUES ('Lic037', 'Umanist', 'Filologie', 'Limba germană', NULL, '122', '3.96');
INSERT INTO medii_admitere (cod_specializare, an, medie) VALUES ('122', '2025', '3.96');
INSERT INTO medii_admitere (cod_specializare, an, medie) VALUES ('122', '2024', '7.42');
INSERT INTO medii_admitere (cod_specializare, an, medie) VALUES ('122', '2023', '8.21');
INSERT INTO medii_admitere (cod_specializare, an, medie) VALUES ('122', '2022', '8.42');
INSERT INTO medii_admitere (cod_specializare, an, medie) VALUES ('122', '2021', '7.41');
INSERT INTO medii_admitere (cod_specializare, an, medie) VALUES ('122', '2020', '8.55');INSERT INTO specializari (id_liceu, profil, specializare, limba, bilingv, cod_specializare, medie_actuala) VALUES ('Lic041', 'Umanist', 'Filologie', 'Limba română', NULL, '170', '7.97');
INSERT INTO medii_admitere (cod_specializare, an, medie) VALUES ('170', '2025', '7.97');
INSERT INTO medii_admitere (cod_specializare, an, medie) VALUES ('170', '2024', '7.50');
INSERT INTO medii_admitere (cod_specializare, an, medie) VALUES ('170', '2023', '8.02');
INSERT INTO medii_admitere (cod_specializare, an, medie) VALUES ('170', '2022', '8.11');
INSERT INTO medii_admitere (cod_specializare, an, medie) VALUES ('170', '2021', '6.82');
INSERT INTO medii_admitere (cod_specializare, an, medie) VALUES ('170', '2020', '7.98');INSERT INTO specializari (id_liceu, profil, specializare, limba, bilingv, cod_specializare, medie_actuala) VALUES ('Lic086', 'Umanist', 'Științe Sociale', 'Limba română', NULL, '232', '8.00');
INSERT INTO medii_admitere (cod_specializare, an, medie) VALUES ('232', '2025', '8.00');
INSERT INTO medii_admitere (cod_specializare, an, medie) VALUES ('232', '2024', '7.47');
INSERT INTO medii_admitere (cod_specializare, an, medie) VALUES ('232', '2023', '7.97');
INSERT INTO medii_admitere (cod_specializare, an, medie) VALUES ('232', '2022', '8.02');
INSERT INTO medii_admitere (cod_specializare, an, medie) VALUES ('232', '2021', '6.42');
INSERT INTO medii_admitere (cod_specializare, an, medie) VALUES ('232', '2020', '8.08');INSERT INTO specializari (id_liceu, profil, specializare, limba, bilingv, cod_specializare, medie_actuala) VALUES ('Lic017', 'Umanist', 'Filologie', 'Limba română', NULL, '283', '8.00');
INSERT INTO medii_admitere (cod_specializare, an, medie) VALUES ('283', '2025', '8.00');
INSERT INTO medii_admitere (cod_specializare, an, medie) VALUES ('283', '2024', '7.45');
INSERT INTO medii_admitere (cod_specializare, an, medie) VALUES ('283', '2023', '8.07');
INSERT INTO medii_admitere (cod_specializare, an, medie) VALUES ('283', '2022', '8.31');
INSERT INTO medii_admitere (cod_specializare, an, medie) VALUES ('283', '2021', '7.30');
INSERT INTO medii_admitere (cod_specializare, an, medie) VALUES ('283', '2020', '8.04');INSERT INTO specializari (id_liceu, profil, specializare, limba, bilingv, cod_specializare, medie_actuala) VALUES ('Lic017', 'Umanist', 'Filologie', 'Limba română', 'Limba engleză(cu examen)', '284', '7.97');
INSERT INTO medii_admitere (cod_specializare, an, medie) VALUES ('284', '2025', '7.97');
INSERT INTO medii_admitere (cod_specializare, an, medie) VALUES ('284', '2024', '7.45');
INSERT INTO medii_admitere (cod_specializare, an, medie) VALUES ('284', '2023', NULL);
INSERT INTO medii_admitere (cod_specializare, an, medie) VALUES ('284', '2022', NULL);
INSERT INTO medii_admitere (cod_specializare, an, medie) VALUES ('284', '2021', NULL);
INSERT INTO medii_admitere (cod_specializare, an, medie) VALUES ('284', '2020', NULL);INSERT INTO specializari (id_liceu, profil, specializare, limba, bilingv, cod_specializare, medie_actuala) VALUES ('Lic072', 'Resurse naturale si Protecția mediului', 'Protecția mediului', 'Limba română', NULL, '403', '7.90');
INSERT INTO medii_admitere (cod_specializare, an, medie) VALUES ('403', '2025', '7.90');
INSERT INTO medii_admitere (cod_specializare, an, medie) VALUES ('403', '2024', '7.45');
INSERT INTO medii_admitere (cod_specializare, an, medie) VALUES ('403', '2023', '7.85');
INSERT INTO medii_admitere (cod_specializare, an, medie) VALUES ('403', '2022', '7.72');
INSERT INTO medii_admitere (cod_specializare, an, medie) VALUES ('403', '2021', '5.96');
INSERT INTO medii_admitere (cod_specializare, an, medie) VALUES ('403', '2020', NULL);INSERT INTO licee (id_liceu, nume, tip, sector, adresa) VALUES ('Lic043', '"Hristo Botev"', 'Liceul Teoretic Bulgar', 1, 'S1 STR Griviței NR 56');
INSERT INTO specializari (id_liceu, profil, specializare, limba, bilingv, cod_specializare, medie_actuala) VALUES ('Lic043', 'Umanist', 'Filologie', 'Limba română', NULL, '150', '7.90');
INSERT INTO medii_admitere (cod_specializare, an, medie) VALUES ('150', '2025', '7.90');
INSERT INTO medii_admitere (cod_specializare, an, medie) VALUES ('150', '2024', '7.42');
INSERT INTO medii_admitere (cod_specializare, an, medie) VALUES ('150', '2023', NULL);
INSERT INTO medii_admitere (cod_specializare, an, medie) VALUES ('150', '2022', '8.00');
INSERT INTO medii_admitere (cod_specializare, an, medie) VALUES ('150', '2021', '6.45');
INSERT INTO medii_admitere (cod_specializare, an, medie) VALUES ('150', '2020', '7.97');INSERT INTO specializari (id_liceu, profil, specializare, limba, bilingv, cod_specializare, medie_actuala) VALUES ('Lic017', 'Umanist', 'Științe Sociale', 'Limba română', NULL, '285', '7.92');
INSERT INTO medii_admitere (cod_specializare, an, medie) VALUES ('285', '2025', '7.92');
INSERT INTO medii_admitere (cod_specializare, an, medie) VALUES ('285', '2024', '7.42');
INSERT INTO medii_admitere (cod_specializare, an, medie) VALUES ('285', '2023', '8.02');
INSERT INTO medii_admitere (cod_specializare, an, medie) VALUES ('285', '2022', '8.06');
INSERT INTO medii_admitere (cod_specializare, an, medie) VALUES ('285', '2021', '6.46');
INSERT INTO medii_admitere (cod_specializare, an, medie) VALUES ('285', '2020', '8.00');INSERT INTO licee (id_liceu, nume, tip, sector, adresa) VALUES ('Lic042', '"Hermes"', 'Colegiul Economic', 2, 'S2 STR Moșilor NR 152');
INSERT INTO specializari (id_liceu, profil, specializare, limba, bilingv, cod_specializare, medie_actuala) VALUES ('Lic042', 'Servicii', 'Economic', 'Limba română', NULL, '261', '8.02');
INSERT INTO medii_admitere (cod_specializare, an, medie) VALUES ('261', '2025', '8.02');
INSERT INTO medii_admitere (cod_specializare, an, medie) VALUES ('261', '2024', '7.42');
INSERT INTO medii_admitere (cod_specializare, an, medie) VALUES ('261', '2023', '7.90');
INSERT INTO medii_admitere (cod_specializare, an, medie) VALUES ('261', '2022', '7.84');
INSERT INTO medii_admitere (cod_specializare, an, medie) VALUES ('261', '2021', '6.13');
INSERT INTO medii_admitere (cod_specializare, an, medie) VALUES ('261', '2020', '8.21');INSERT INTO licee (id_liceu, nume, tip, sector, adresa) VALUES ('Lic034', '"Gheorghe Asachi"', 'Colegiul Tehnic', 6, 'S6 STR Pravăț NR 24');
INSERT INTO specializari (id_liceu, profil, specializare, limba, bilingv, cod_specializare, medie_actuala) VALUES ('Lic034', 'Real', 'Științe ale Naturii', 'Limba română', NULL, '417', '8.02');
INSERT INTO medii_admitere (cod_specializare, an, medie) VALUES ('417', '2025', '8.02');
INSERT INTO medii_admitere (cod_specializare, an, medie) VALUES ('417', '2024', '7.40');
INSERT INTO medii_admitere (cod_specializare, an, medie) VALUES ('417', '2023', '7.87');
INSERT INTO medii_admitere (cod_specializare, an, medie) VALUES ('417', '2022', NULL);
INSERT INTO medii_admitere (cod_specializare, an, medie) VALUES ('417', '2021', NULL);
INSERT INTO medii_admitere (cod_specializare, an, medie) VALUES ('417', '2020', '7.89');INSERT INTO specializari (id_liceu, profil, specializare, limba, bilingv, cod_specializare, medie_actuala) VALUES ('Lic034', 'Umanist', 'Științe Sociale', 'Limba română', NULL, '418', '7.95');
INSERT INTO medii_admitere (cod_specializare, an, medie) VALUES ('418', '2025', '7.95');
INSERT INTO medii_admitere (cod_specializare, an, medie) VALUES ('418', '2024', '7.37');
INSERT INTO medii_admitere (cod_specializare, an, medie) VALUES ('418', '2023', '7.95');
INSERT INTO medii_admitere (cod_specializare, an, medie) VALUES ('418', '2022', '7.99');
INSERT INTO medii_admitere (cod_specializare, an, medie) VALUES ('418', '2021', '6.52');
INSERT INTO medii_admitere (cod_specializare, an, medie) VALUES ('418', '2020', NULL);INSERT INTO licee (id_liceu, nume, tip, sector, adresa) VALUES ('Lic059', '"Mihai Bravu"', 'Colegiul Tehnic', 3, 'S3 STR Mihai Bravu NR 428');
INSERT INTO specializari (id_liceu, profil, specializare, limba, bilingv, cod_specializare, medie_actuala) VALUES ('Lic059', 'Real', 'Științe ale Naturii', 'Limba română', NULL, '299', '7.87');
INSERT INTO medii_admitere (cod_specializare, an, medie) VALUES ('299', '2025', '7.87');
INSERT INTO medii_admitere (cod_specializare, an, medie) VALUES ('299', '2024', '7.35');
INSERT INTO medii_admitere (cod_specializare, an, medie) VALUES ('299', '2023', '7.90');
INSERT INTO medii_admitere (cod_specializare, an, medie) VALUES ('299', '2022', '7.59');
INSERT INTO medii_admitere (cod_specializare, an, medie) VALUES ('299', '2021', '4.92');
INSERT INTO medii_admitere (cod_specializare, an, medie) VALUES ('299', '2020', '7.92');INSERT INTO specializari (id_liceu, profil, specializare, limba, bilingv, cod_specializare, medie_actuala) VALUES ('Lic016', 'Umanist', 'Filologie', 'Limba română', 'Limba italiană(cu examen)', '276', '8.00');
INSERT INTO medii_admitere (cod_specializare, an, medie) VALUES ('276', '2025', '8.00');
INSERT INTO medii_admitere (cod_specializare, an, medie) VALUES ('276', '2024', '7.32');
INSERT INTO medii_admitere (cod_specializare, an, medie) VALUES ('276', '2023', '8.10');
INSERT INTO medii_admitere (cod_specializare, an, medie) VALUES ('276', '2022', '7.90');
INSERT INTO medii_admitere (cod_specializare, an, medie) VALUES ('276', '2021', '6.43');
INSERT INTO medii_admitere (cod_specializare, an, medie) VALUES ('276', '2020', '7.16');INSERT INTO specializari (id_liceu, profil, specializare, limba, bilingv, cod_specializare, medie_actuala) VALUES ('Lic042', 'Servicii', 'Turism și alimentație', 'Limba română', NULL, '262', '7.97');
INSERT INTO medii_admitere (cod_specializare, an, medie) VALUES ('262', '2025', '7.97');
INSERT INTO medii_admitere (cod_specializare, an, medie) VALUES ('262', '2024', '7.32');
INSERT INTO medii_admitere (cod_specializare, an, medie) VALUES ('262', '2023', '7.82');
INSERT INTO medii_admitere (cod_specializare, an, medie) VALUES ('262', '2022', '7.71');
INSERT INTO medii_admitere (cod_specializare, an, medie) VALUES ('262', '2021', '5.69');
INSERT INTO medii_admitere (cod_specializare, an, medie) VALUES ('262', '2020', '8.13');INSERT INTO specializari (id_liceu, profil, specializare, limba, bilingv, cod_specializare, medie_actuala) VALUES ('Lic042', 'Servicii', 'Comerț', 'Limba română', NULL, '263', '7.92');
INSERT INTO medii_admitere (cod_specializare, an, medie) VALUES ('263', '2025', '7.92');
INSERT INTO medii_admitere (cod_specializare, an, medie) VALUES ('263', '2024', '7.30');
INSERT INTO medii_admitere (cod_specializare, an, medie) VALUES ('263', '2023', '7.77');
INSERT INTO medii_admitere (cod_specializare, an, medie) VALUES ('263', '2022', '7.63');
INSERT INTO medii_admitere (cod_specializare, an, medie) VALUES ('263', '2021', '4.23');
INSERT INTO medii_admitere (cod_specializare, an, medie) VALUES ('263', '2020', '8.04');INSERT INTO licee (id_liceu, nume, tip, sector, adresa) VALUES ('Lic013', '"Costin D. Nenițescu"', 'Colegiul Tehnic', 3, 'S3 STR Pallady Theodor NR 26');
INSERT INTO specializari (id_liceu, profil, specializare, limba, bilingv, cod_specializare, medie_actuala) VALUES ('Lic013', 'Real', 'Științe ale Naturii', 'Limba română', NULL, '289', '7.75');
INSERT INTO medii_admitere (cod_specializare, an, medie) VALUES ('289', '2025', '7.75');
INSERT INTO medii_admitere (cod_specializare, an, medie) VALUES ('289', '2024', '7.25');
INSERT INTO medii_admitere (cod_specializare, an, medie) VALUES ('289', '2023', '7.70');
INSERT INTO medii_admitere (cod_specializare, an, medie) VALUES ('289', '2022', '7.55');
INSERT INTO medii_admitere (cod_specializare, an, medie) VALUES ('289', '2021', '5.34');
INSERT INTO medii_admitere (cod_specializare, an, medie) VALUES ('289', '2020', '7.70');INSERT INTO licee (id_liceu, nume, tip, sector, adresa) VALUES ('Lic057', '"Media"', 'Colegiul Tehnic', 1, 'S1 STR Jiului NR 163');
INSERT INTO specializari (id_liceu, profil, specializare, limba, bilingv, cod_specializare, medie_actuala) VALUES ('Lic057', 'Umanist', 'Filologie', 'Limba română', NULL, '161', '7.77');
INSERT INTO medii_admitere (cod_specializare, an, medie) VALUES ('161', '2025', '7.77');
INSERT INTO medii_admitere (cod_specializare, an, medie) VALUES ('161', '2024', '7.25');
INSERT INTO medii_admitere (cod_specializare, an, medie) VALUES ('161', '2023', '7.77');
INSERT INTO medii_admitere (cod_specializare, an, medie) VALUES ('161', '2022', '7.77');
INSERT INTO medii_admitere (cod_specializare, an, medie) VALUES ('161', '2021', NULL);
INSERT INTO medii_admitere (cod_specializare, an, medie) VALUES ('161', '2020', '7.82');INSERT INTO licee (id_liceu, nume, tip, sector, adresa) VALUES ('Lic038', '"Grigore Cerchez"', 'Colegiul Tehnologic', 5, 'S5 STR Șerban Vodă NR 280');
INSERT INTO specializari (id_liceu, profil, specializare, limba, bilingv, cod_specializare, medie_actuala) VALUES ('Lic038', 'Umanist', 'Științe Sociale', 'Limba română', NULL, '369', '7.80');
INSERT INTO medii_admitere (cod_specializare, an, medie) VALUES ('369', '2025', '7.80');
INSERT INTO medii_admitere (cod_specializare, an, medie) VALUES ('369', '2024', '7.22');
INSERT INTO medii_admitere (cod_specializare, an, medie) VALUES ('369', '2023', '7.90');
INSERT INTO medii_admitere (cod_specializare, an, medie) VALUES ('369', '2022', '7.90');
INSERT INTO medii_admitere (cod_specializare, an, medie) VALUES ('369', '2021', '6.41');
INSERT INTO medii_admitere (cod_specializare, an, medie) VALUES ('369', '2020', '7.73');INSERT INTO licee (id_liceu, nume, tip, sector, adresa) VALUES ('Lic022', '"Dinicu Golescu"', 'Colegiul Tehnic', 1, 'S1 STR Giulești NR 10');
INSERT INTO specializari (id_liceu, profil, specializare, limba, bilingv, cod_specializare, medie_actuala) VALUES ('Lic022', 'Umanist', 'Filologie', 'Limba română', NULL, '158', '7.80');
INSERT INTO medii_admitere (cod_specializare, an, medie) VALUES ('158', '2025', '7.80');
INSERT INTO medii_admitere (cod_specializare, an, medie) VALUES ('158', '2024', '7.20');
INSERT INTO medii_admitere (cod_specializare, an, medie) VALUES ('158', '2023', '7.72');
INSERT INTO medii_admitere (cod_specializare, an, medie) VALUES ('158', '2022', '7.67');
INSERT INTO medii_admitere (cod_specializare, an, medie) VALUES ('158', '2021', NULL);
INSERT INTO medii_admitere (cod_specializare, an, medie) VALUES ('158', '2020', NULL);INSERT INTO licee (id_liceu, nume, tip, sector, adresa) VALUES ('Lic075', '"Sf. Antim Ivireanu"', 'Liceul Tehnologic', 6, 'S6 STR Poiana Muntelui NR 1');
INSERT INTO specializari (id_liceu, profil, specializare, limba, bilingv, cod_specializare, medie_actuala) VALUES ('Lic075', 'Servicii', 'Turism și alimentație', 'Limba română', NULL, '394', '7.65');
INSERT INTO medii_admitere (cod_specializare, an, medie) VALUES ('394', '2025', '7.65');
INSERT INTO medii_admitere (cod_specializare, an, medie) VALUES ('394', '2024', '7.20');
INSERT INTO medii_admitere (cod_specializare, an, medie) VALUES ('394', '2023', '7.57');
INSERT INTO medii_admitere (cod_specializare, an, medie) VALUES ('394', '2022', '7.31');
INSERT INTO medii_admitere (cod_specializare, an, medie) VALUES ('394', '2021', '5.70');
INSERT INTO medii_admitere (cod_specializare, an, medie) VALUES ('394', '2020', '7.97');INSERT INTO specializari (id_liceu, profil, specializare, limba, bilingv, cod_specializare, medie_actuala) VALUES ('Lic013', 'Umanist', 'Filologie', 'Limba română', NULL, '290', '7.82');
INSERT INTO medii_admitere (cod_specializare, an, medie) VALUES ('290', '2025', '7.82');
INSERT INTO medii_admitere (cod_specializare, an, medie) VALUES ('290', '2024', '7.20');
INSERT INTO medii_admitere (cod_specializare, an, medie) VALUES ('290', '2023', NULL);
INSERT INTO medii_admitere (cod_specializare, an, medie) VALUES ('290', '2022', NULL);
INSERT INTO medii_admitere (cod_specializare, an, medie) VALUES ('290', '2021', NULL);
INSERT INTO medii_admitere (cod_specializare, an, medie) VALUES ('290', '2020', NULL);INSERT INTO specializari (id_liceu, profil, specializare, limba, bilingv, cod_specializare, medie_actuala) VALUES ('Lic013', 'Umanist', 'Științe Sociale', 'Limba română', NULL, '291', '7.75');
INSERT INTO medii_admitere (cod_specializare, an, medie) VALUES ('291', '2025', '7.75');
INSERT INTO medii_admitere (cod_specializare, an, medie) VALUES ('291', '2024', '7.20');
INSERT INTO medii_admitere (cod_specializare, an, medie) VALUES ('291', '2023', '7.65');
INSERT INTO medii_admitere (cod_specializare, an, medie) VALUES ('291', '2022', '6.75');
INSERT INTO medii_admitere (cod_specializare, an, medie) VALUES ('291', '2021', NULL);
INSERT INTO medii_admitere (cod_specializare, an, medie) VALUES ('291', '2020', NULL);INSERT INTO specializari (id_liceu, profil, specializare, limba, bilingv, cod_specializare, medie_actuala) VALUES ('Lic043', 'Umanist', 'Filologie', 'Limba neogreacă', 'Limba neogreacă(fără examen)', '152', '7.65');
INSERT INTO medii_admitere (cod_specializare, an, medie) VALUES ('152', '2025', '7.65');
INSERT INTO medii_admitere (cod_specializare, an, medie) VALUES ('152', '2024', '7.15');
INSERT INTO medii_admitere (cod_specializare, an, medie) VALUES ('152', '2023', '7.37');
INSERT INTO medii_admitere (cod_specializare, an, medie) VALUES ('152', '2022', '6.98');
INSERT INTO medii_admitere (cod_specializare, an, medie) VALUES ('152', '2021', '4.79');
INSERT INTO medii_admitere (cod_specializare, an, medie) VALUES ('152', '2020', '7.45');INSERT INTO licee (id_liceu, nume, tip, sector, adresa) VALUES ('Lic061', '"Mihai I"', 'Colegiul Tehnic Feroviar', 1, 'S1 STR Butuceni NR 10');
INSERT INTO specializari (id_liceu, profil, specializare, limba, bilingv, cod_specializare, medie_actuala) VALUES ('Lic061', 'Real', 'Matematică-Informatică', 'Limba română', NULL, '173', '7.72');
INSERT INTO medii_admitere (cod_specializare, an, medie) VALUES ('173', '2025', '7.72');
INSERT INTO medii_admitere (cod_specializare, an, medie) VALUES ('173', '2024', '7.15');
INSERT INTO medii_admitere (cod_specializare, an, medie) VALUES ('173', '2023', '7.72');
INSERT INTO medii_admitere (cod_specializare, an, medie) VALUES ('173', '2022', '7.41');
INSERT INTO medii_admitere (cod_specializare, an, medie) VALUES ('173', '2021', '4.38');
INSERT INTO medii_admitere (cod_specializare, an, medie) VALUES ('173', '2020', '7.49');INSERT INTO licee (id_liceu, nume, tip, sector, adresa) VALUES ('Lic033', '"Gheorghe Airinei"', 'Colegiul Tehnic de Poștă și Telecomunicații', 6, 'S6 STR Romancierilor NR 1');
INSERT INTO specializari (id_liceu, profil, specializare, limba, bilingv, cod_specializare, medie_actuala) VALUES ('Lic033', 'Real', 'Științe ale Naturii', 'Limba română', NULL, '395', '7.60');
INSERT INTO medii_admitere (cod_specializare, an, medie) VALUES ('395', '2025', '7.60');
INSERT INTO medii_admitere (cod_specializare, an, medie) VALUES ('395', '2024', '7.12');
INSERT INTO medii_admitere (cod_specializare, an, medie) VALUES ('395', '2023', '7.60');
INSERT INTO medii_admitere (cod_specializare, an, medie) VALUES ('395', '2022', '7.41');
INSERT INTO medii_admitere (cod_specializare, an, medie) VALUES ('395', '2021', '4.61');
INSERT INTO medii_admitere (cod_specializare, an, medie) VALUES ('395', '2020', '7.75');INSERT INTO specializari (id_liceu, profil, specializare, limba, bilingv, cod_specializare, medie_actuala) VALUES ('Lic038', 'Real', 'Științe ale Naturii', 'Limba română', NULL, '368', '7.80');
INSERT INTO medii_admitere (cod_specializare, an, medie) VALUES ('368', '2025', '7.80');
INSERT INTO medii_admitere (cod_specializare, an, medie) VALUES ('368', '2024', '7.10');
INSERT INTO medii_admitere (cod_specializare, an, medie) VALUES ('368', '2023', '7.70');
INSERT INTO medii_admitere (cod_specializare, an, medie) VALUES ('368', '2022', '7.52');
INSERT INTO medii_admitere (cod_specializare, an, medie) VALUES ('368', '2021', '5.09');
INSERT INTO medii_admitere (cod_specializare, an, medie) VALUES ('368', '2020', '7.56');INSERT INTO licee (id_liceu, nume, tip, sector, adresa) VALUES ('Lic077', '"Sfântul Pantelimon"', 'Liceul Tehnologic', 2, 'S2 STR Hambarului NR 12A');
INSERT INTO specializari (id_liceu, profil, specializare, limba, bilingv, cod_specializare, medie_actuala) VALUES ('Lic077', 'Umanist', 'Științe Sociale', 'Limba română', NULL, '245', '7.72');
INSERT INTO medii_admitere (cod_specializare, an, medie) VALUES ('245', '2025', '7.72');
INSERT INTO medii_admitere (cod_specializare, an, medie) VALUES ('245', '2024', '7.07');
INSERT INTO medii_admitere (cod_specializare, an, medie) VALUES ('245', '2023', '7.75');
INSERT INTO medii_admitere (cod_specializare, an, medie) VALUES ('245', '2022', '7.70');
INSERT INTO medii_admitere (cod_specializare, an, medie) VALUES ('245', '2021', '5.92');
INSERT INTO medii_admitere (cod_specializare, an, medie) VALUES ('245', '2020', '7.73');INSERT INTO licee (id_liceu, nume, tip, sector, adresa) VALUES ('Lic020', '"Dimitrie Leonida"', 'Colegiul Tehnic', 2, 'S2 STR Basarabia NR 47');
INSERT INTO specializari (id_liceu, profil, specializare, limba, bilingv, cod_specializare, medie_actuala) VALUES ('Lic020', 'Real', 'Matematică-Informatică', 'Limba română', NULL, '239', '7.82');
INSERT INTO medii_admitere (cod_specializare, an, medie) VALUES ('239', '2025', '7.82');
INSERT INTO medii_admitere (cod_specializare, an, medie) VALUES ('239', '2024', '7.07');
INSERT INTO medii_admitere (cod_specializare, an, medie) VALUES ('239', '2023', NULL);
INSERT INTO medii_admitere (cod_specializare, an, medie) VALUES ('239', '2022', NULL);
INSERT INTO medii_admitere (cod_specializare, an, medie) VALUES ('239', '2021', NULL);
INSERT INTO medii_admitere (cod_specializare, an, medie) VALUES ('239', '2020', '7.79');INSERT INTO licee (id_liceu, nume, tip, sector, adresa) VALUES ('Lic010', '"Carol I"', 'Colegiul Tehnic', 6, 'S6 STR Porumbacu NR 52');
INSERT INTO specializari (id_liceu, profil, specializare, limba, bilingv, cod_specializare, medie_actuala) VALUES ('Lic010', 'Umanist', 'Științe Sociale', 'Limba română', NULL, '422', '7.60');
INSERT INTO medii_admitere (cod_specializare, an, medie) VALUES ('422', '2025', '7.60');
INSERT INTO medii_admitere (cod_specializare, an, medie) VALUES ('422', '2024', '7.05');
INSERT INTO medii_admitere (cod_specializare, an, medie) VALUES ('422', '2023', NULL);
INSERT INTO medii_admitere (cod_specializare, an, medie) VALUES ('422', '2022', NULL);
INSERT INTO medii_admitere (cod_specializare, an, medie) VALUES ('422', '2021', NULL);
INSERT INTO medii_admitere (cod_specializare, an, medie) VALUES ('422', '2020', NULL);INSERT INTO licee (id_liceu, nume, tip, sector, adresa) VALUES ('Lic085', '"Traian Vuia"', 'Liceul Tehnologic de Metrologie', 4, 'S4 STR Vitan-Bârzești NR 11');
INSERT INTO specializari (id_liceu, profil, specializare, limba, bilingv, cod_specializare, medie_actuala) VALUES ('Lic085', 'Real', 'Matematică-Informatică', 'Limba română', NULL, '334', '7.67');
INSERT INTO medii_admitere (cod_specializare, an, medie) VALUES ('334', '2025', '7.67');
INSERT INTO medii_admitere (cod_specializare, an, medie) VALUES ('334', '2024', '7.02');
INSERT INTO medii_admitere (cod_specializare, an, medie) VALUES ('334', '2023', '7.65');
INSERT INTO medii_admitere (cod_specializare, an, medie) VALUES ('334', '2022', '7.33');
INSERT INTO medii_admitere (cod_specializare, an, medie) VALUES ('334', '2021', '5.32');
INSERT INTO medii_admitere (cod_specializare, an, medie) VALUES ('334', '2020', '7.79');INSERT INTO specializari (id_liceu, profil, specializare, limba, bilingv, cod_specializare, medie_actuala) VALUES ('Lic077', 'Real', 'Științe ale Naturii', 'Limba română', NULL, '244', '7.65');
INSERT INTO medii_admitere (cod_specializare, an, medie) VALUES ('244', '2025', '7.65');
INSERT INTO medii_admitere (cod_specializare, an, medie) VALUES ('244', '2024', '7.02');
INSERT INTO medii_admitere (cod_specializare, an, medie) VALUES ('244', '2023', '7.50');
INSERT INTO medii_admitere (cod_specializare, an, medie) VALUES ('244', '2022', '7.29');
INSERT INTO medii_admitere (cod_specializare, an, medie) VALUES ('244', '2021', '3.35');
INSERT INTO medii_admitere (cod_specializare, an, medie) VALUES ('244', '2020', NULL);INSERT INTO specializari (id_liceu, profil, specializare, limba, bilingv, cod_specializare, medie_actuala) VALUES ('Lic020', 'Real', 'Științe ale Naturii', 'Limba română', NULL, '240', '7.67');
INSERT INTO medii_admitere (cod_specializare, an, medie) VALUES ('240', '2025', '7.67');
INSERT INTO medii_admitere (cod_specializare, an, medie) VALUES ('240', '2024', '7.00');
INSERT INTO medii_admitere (cod_specializare, an, medie) VALUES ('240', '2023', '7.62');
INSERT INTO medii_admitere (cod_specializare, an, medie) VALUES ('240', '2022', '7.53');
INSERT INTO medii_admitere (cod_specializare, an, medie) VALUES ('240', '2021', '5.61');
INSERT INTO medii_admitere (cod_specializare, an, medie) VALUES ('240', '2020', '7.71');INSERT INTO specializari (id_liceu, profil, specializare, limba, bilingv, cod_specializare, medie_actuala) VALUES ('Lic038', 'Servicii', 'Economic', 'Limba română', NULL, '371', '7.55');
INSERT INTO medii_admitere (cod_specializare, an, medie) VALUES ('371', '2025', '7.55');
INSERT INTO medii_admitere (cod_specializare, an, medie) VALUES ('371', '2024', '6.97');
INSERT INTO medii_admitere (cod_specializare, an, medie) VALUES ('371', '2023', '7.02');
INSERT INTO medii_admitere (cod_specializare, an, medie) VALUES ('371', '2022', '6.59');
INSERT INTO medii_admitere (cod_specializare, an, medie) VALUES ('371', '2021', '3.22');
INSERT INTO medii_admitere (cod_specializare, an, medie) VALUES ('371', '2020', '6.81');INSERT INTO specializari (id_liceu, profil, specializare, limba, bilingv, cod_specializare, medie_actuala) VALUES ('Lic085', 'Umanist', 'Filologie', 'Limba română', NULL, '336', '7.62');
INSERT INTO medii_admitere (cod_specializare, an, medie) VALUES ('336', '2025', '7.62');
INSERT INTO medii_admitere (cod_specializare, an, medie) VALUES ('336', '2024', '6.97');
INSERT INTO medii_admitere (cod_specializare, an, medie) VALUES ('336', '2023', '7.50');
INSERT INTO medii_admitere (cod_specializare, an, medie) VALUES ('336', '2022', NULL);
INSERT INTO medii_admitere (cod_specializare, an, medie) VALUES ('336', '2021', NULL);
INSERT INTO medii_admitere (cod_specializare, an, medie) VALUES ('336', '2020', NULL);INSERT INTO licee (id_liceu, nume, tip, sector, adresa) VALUES ('Lic029', '"Energetic"', 'Colegiul Tehnic', 5, 'S5 STR Podul Giurgiului NR 5');
INSERT INTO specializari (id_liceu, profil, specializare, limba, bilingv, cod_specializare, medie_actuala) VALUES ('Lic029', 'Real', 'Matematică-Informatică', 'Limba română', NULL, '359', '7.42');
INSERT INTO medii_admitere (cod_specializare, an, medie) VALUES ('359', '2025', '7.42');
INSERT INTO medii_admitere (cod_specializare, an, medie) VALUES ('359', '2024', '6.85');
INSERT INTO medii_admitere (cod_specializare, an, medie) VALUES ('359', '2023', '7.25');
INSERT INTO medii_admitere (cod_specializare, an, medie) VALUES ('359', '2022', NULL);
INSERT INTO medii_admitere (cod_specializare, an, medie) VALUES ('359', '2021', '4.60');
INSERT INTO medii_admitere (cod_specializare, an, medie) VALUES ('359', '2020', NULL);INSERT INTO licee (id_liceu, nume, tip, sector, adresa) VALUES ('Lic040', '"Valter Mărăcineanu"', 'Colegiul Tehnic', 1, 'S1 STR Griviței NR 363');
INSERT INTO specializari (id_liceu, profil, specializare, limba, bilingv, cod_specializare, medie_actuala) VALUES ('Lic040', 'Umanist', 'Filologie', 'Limba română', NULL, '164', '7.50');
INSERT INTO medii_admitere (cod_specializare, an, medie) VALUES ('164', '2025', '7.50');
INSERT INTO medii_admitere (cod_specializare, an, medie) VALUES ('164', '2024', '6.87');
INSERT INTO medii_admitere (cod_specializare, an, medie) VALUES ('164', '2023', '7.55');
INSERT INTO medii_admitere (cod_specializare, an, medie) VALUES ('164', '2022', '7.62');
INSERT INTO medii_admitere (cod_specializare, an, medie) VALUES ('164', '2021', '5.72');
INSERT INTO medii_admitere (cod_specializare, an, medie) VALUES ('164', '2020', '7.76');INSERT INTO specializari (id_liceu, profil, specializare, limba, bilingv, cod_specializare, medie_actuala) VALUES ('Lic033', 'Umanist', 'Științe Sociale', 'Limba română', NULL, '396', '7.45');
INSERT INTO medii_admitere (cod_specializare, an, medie) VALUES ('396', '2025', '7.45');
INSERT INTO medii_admitere (cod_specializare, an, medie) VALUES ('396', '2024', '6.85');
INSERT INTO medii_admitere (cod_specializare, an, medie) VALUES ('396', '2023', '7.42');
INSERT INTO medii_admitere (cod_specializare, an, medie) VALUES ('396', '2022', '7.57');
INSERT INTO medii_admitere (cod_specializare, an, medie) VALUES ('396', '2021', '5.90');
INSERT INTO medii_admitere (cod_specializare, an, medie) VALUES ('396', '2020', '7.84');INSERT INTO licee (id_liceu, nume, tip, sector, adresa) VALUES ('Lic019', '"Dimitrie Gusti"', 'Liceul Tehnologic', 5, 'S5 STR Vulcan Samuil, episcop NR 8');
INSERT INTO specializari (id_liceu, profil, specializare, limba, bilingv, cod_specializare, medie_actuala) VALUES ('Lic019', 'Real', 'Științe ale Naturii', 'Limba română', NULL, '365', '7.40');
INSERT INTO medii_admitere (cod_specializare, an, medie) VALUES ('365', '2025', '7.40');
INSERT INTO medii_admitere (cod_specializare, an, medie) VALUES ('365', '2024', '6.85');
INSERT INTO medii_admitere (cod_specializare, an, medie) VALUES ('365', '2023', '7.52');
INSERT INTO medii_admitere (cod_specializare, an, medie) VALUES ('365', '2022', '7.45');
INSERT INTO medii_admitere (cod_specializare, an, medie) VALUES ('365', '2021', '3.82');
INSERT INTO medii_admitere (cod_specializare, an, medie) VALUES ('365', '2020', NULL);INSERT INTO specializari (id_liceu, profil, specializare, limba, bilingv, cod_specializare, medie_actuala) VALUES ('Lic085', 'Real', 'Științe ale Naturii', 'Limba română', NULL, '335', '7.60');
INSERT INTO medii_admitere (cod_specializare, an, medie) VALUES ('335', '2025', '7.60');
INSERT INTO medii_admitere (cod_specializare, an, medie) VALUES ('335', '2024', '6.82');
INSERT INTO medii_admitere (cod_specializare, an, medie) VALUES ('335', '2023', '7.40');
INSERT INTO medii_admitere (cod_specializare, an, medie) VALUES ('335', '2022', '7.36');
INSERT INTO medii_admitere (cod_specializare, an, medie) VALUES ('335', '2021', '5.88');
INSERT INTO medii_admitere (cod_specializare, an, medie) VALUES ('335', '2020', '7.58');INSERT INTO licee (id_liceu, nume, tip, sector, adresa) VALUES ('Lic083', '"Theodor Pallady"', 'Liceul Tehnologic', 3, 'S3 STR Pallady Theodor NR 250');
INSERT INTO specializari (id_liceu, profil, specializare, limba, bilingv, cod_specializare, medie_actuala) VALUES ('Lic083', 'Umanist', 'Filologie', 'Limba română', NULL, '310', '7.47');
INSERT INTO medii_admitere (cod_specializare, an, medie) VALUES ('310', '2025', '7.47');
INSERT INTO medii_admitere (cod_specializare, an, medie) VALUES ('310', '2024', '6.82');
INSERT INTO medii_admitere (cod_specializare, an, medie) VALUES ('310', '2023', '7.52');
INSERT INTO medii_admitere (cod_specializare, an, medie) VALUES ('310', '2022', '7.47');
INSERT INTO medii_admitere (cod_specializare, an, medie) VALUES ('310', '2021', NULL);
INSERT INTO medii_admitere (cod_specializare, an, medie) VALUES ('310', '2020', NULL);INSERT INTO specializari (id_liceu, profil, specializare, limba, bilingv, cod_specializare, medie_actuala) VALUES ('Lic045', 'Tehnic', 'Construcții, instalații și lucrări publice', 'Limba română', NULL, '179', '7.37');
INSERT INTO medii_admitere (cod_specializare, an, medie) VALUES ('179', '2025', '7.37');
INSERT INTO medii_admitere (cod_specializare, an, medie) VALUES ('179', '2024', '6.77');
INSERT INTO medii_admitere (cod_specializare, an, medie) VALUES ('179', '2023', '7.37');
INSERT INTO medii_admitere (cod_specializare, an, medie) VALUES ('179', '2022', '7.05');
INSERT INTO medii_admitere (cod_specializare, an, medie) VALUES ('179', '2021', '5.41');
INSERT INTO medii_admitere (cod_specializare, an, medie) VALUES ('179', '2020', '7.32');INSERT INTO specializari (id_liceu, profil, specializare, limba, bilingv, cod_specializare, medie_actuala) VALUES ('Lic019', 'Umanist', 'Științe Sociale', 'Limba română', NULL, '366', '7.42');
INSERT INTO medii_admitere (cod_specializare, an, medie) VALUES ('366', '2025', '7.42');
INSERT INTO medii_admitere (cod_specializare, an, medie) VALUES ('366', '2024', '6.82');
INSERT INTO medii_admitere (cod_specializare, an, medie) VALUES ('366', '2023', '7.52');
INSERT INTO medii_admitere (cod_specializare, an, medie) VALUES ('366', '2022', '7.50');
INSERT INTO medii_admitere (cod_specializare, an, medie) VALUES ('366', '2021', '4.96');
INSERT INTO medii_admitere (cod_specializare, an, medie) VALUES ('366', '2020', '7.93');INSERT INTO specializari (id_liceu, profil, specializare, limba, bilingv, cod_specializare, medie_actuala) VALUES ('Lic043', 'Umanist', 'Filologie', 'Limba rusă', 'Limba rusă(fără examen)', '153', '7.30');
INSERT INTO medii_admitere (cod_specializare, an, medie) VALUES ('153', '2025', '7.30');
INSERT INTO medii_admitere (cod_specializare, an, medie) VALUES ('153', '2024', '6.75');
INSERT INTO medii_admitere (cod_specializare, an, medie) VALUES ('153', '2023', '7.05');
INSERT INTO medii_admitere (cod_specializare, an, medie) VALUES ('153', '2022', '6.62');
INSERT INTO medii_admitere (cod_specializare, an, medie) VALUES ('153', '2021', '6.19');
INSERT INTO medii_admitere (cod_specializare, an, medie) VALUES ('153', '2020', '6.50');INSERT INTO specializari (id_liceu, profil, specializare, limba, bilingv, cod_specializare, medie_actuala) VALUES ('Lic043', 'Umanist', 'Filologie', 'Limba bulgară', 'Limba bulgară(fără examen)', '151', '7.15');
INSERT INTO medii_admitere (cod_specializare, an, medie) VALUES ('151', '2025', '7.15');
INSERT INTO medii_admitere (cod_specializare, an, medie) VALUES ('151', '2024', '6.75');
INSERT INTO medii_admitere (cod_specializare, an, medie) VALUES ('151', '2023', '7.20');
INSERT INTO medii_admitere (cod_specializare, an, medie) VALUES ('151', '2022', '6.94');
INSERT INTO medii_admitere (cod_specializare, an, medie) VALUES ('151', '2021', '4.39');
INSERT INTO medii_admitere (cod_specializare, an, medie) VALUES ('151', '2020', '6.74');INSERT INTO licee (id_liceu, nume, tip, sector, adresa) VALUES ('Lic011', '"Constantin Brâncuși"', 'Liceul Tehnologic', 2, 'S2 STR Pompeiu Dimitrie, mat. NR 1');
INSERT INTO specializari (id_liceu, profil, specializare, limba, bilingv, cod_specializare, medie_actuala) VALUES ('Lic011', 'Servicii', 'Economic', 'Limba română', NULL, '248', '7.37');
INSERT INTO medii_admitere (cod_specializare, an, medie) VALUES ('248', '2025', '7.37');
INSERT INTO medii_admitere (cod_specializare, an, medie) VALUES ('248', '2024', '6.75');
INSERT INTO medii_admitere (cod_specializare, an, medie) VALUES ('248', '2023', NULL);
INSERT INTO medii_admitere (cod_specializare, an, medie) VALUES ('248', '2022', NULL);
INSERT INTO medii_admitere (cod_specializare, an, medie) VALUES ('248', '2021', NULL);
INSERT INTO medii_admitere (cod_specializare, an, medie) VALUES ('248', '2020', NULL);INSERT INTO specializari (id_liceu, profil, specializare, limba, bilingv, cod_specializare, medie_actuala) VALUES ('Lic011', 'Servicii', 'Comerț', 'Limba română', NULL, '247', '7.25');
INSERT INTO medii_admitere (cod_specializare, an, medie) VALUES ('247', '2025', '7.25');
INSERT INTO medii_admitere (cod_specializare, an, medie) VALUES ('247', '2024', '6.75');
INSERT INTO medii_admitere (cod_specializare, an, medie) VALUES ('247', '2023', NULL);
INSERT INTO medii_admitere (cod_specializare, an, medie) VALUES ('247', '2022', NULL);
INSERT INTO medii_admitere (cod_specializare, an, medie) VALUES ('247', '2021', NULL);
INSERT INTO medii_admitere (cod_specializare, an, medie) VALUES ('247', '2020', NULL);INSERT INTO specializari (id_liceu, profil, specializare, limba, bilingv, cod_specializare, medie_actuala) VALUES ('Lic010', 'Real', 'Științe ale Naturii', 'Limba română', NULL, '421', '7.47');
INSERT INTO medii_admitere (cod_specializare, an, medie) VALUES ('421', '2025', '7.47');
INSERT INTO medii_admitere (cod_specializare, an, medie) VALUES ('421', '2024', '6.72');
INSERT INTO medii_admitere (cod_specializare, an, medie) VALUES ('421', '2023', '7.48');
INSERT INTO medii_admitere (cod_specializare, an, medie) VALUES ('421', '2022', '7.24');
INSERT INTO medii_admitere (cod_specializare, an, medie) VALUES ('421', '2021', '5.34');
INSERT INTO medii_admitere (cod_specializare, an, medie) VALUES ('421', '2020', '7.50');INSERT INTO specializari (id_liceu, profil, specializare, limba, bilingv, cod_specializare, medie_actuala) VALUES ('Lic059', 'Servicii', 'Turism și alimentație', 'Limba română', NULL, '300', '7.37');
INSERT INTO medii_admitere (cod_specializare, an, medie) VALUES ('300', '2025', '7.37');
INSERT INTO medii_admitere (cod_specializare, an, medie) VALUES ('300', '2024', '6.70');
INSERT INTO medii_admitere (cod_specializare, an, medie) VALUES ('300', '2023', '7.37');
INSERT INTO medii_admitere (cod_specializare, an, medie) VALUES ('300', '2022', '7.10');
INSERT INTO medii_admitere (cod_specializare, an, medie) VALUES ('300', '2021', '4.51');
INSERT INTO medii_admitere (cod_specializare, an, medie) VALUES ('300', '2020', '7.78');INSERT INTO specializari (id_liceu, profil, specializare, limba, bilingv, cod_specializare, medie_actuala) VALUES ('Lic029', 'Umanist', 'Filologie', 'Limba română', NULL, '360', '7.25');
INSERT INTO medii_admitere (cod_specializare, an, medie) VALUES ('360', '2025', '7.25');
INSERT INTO medii_admitere (cod_specializare, an, medie) VALUES ('360', '2024', '6.67');
INSERT INTO medii_admitere (cod_specializare, an, medie) VALUES ('360', '2023', '7.20');
INSERT INTO medii_admitere (cod_specializare, an, medie) VALUES ('360', '2022', '7.24');
INSERT INTO medii_admitere (cod_specializare, an, medie) VALUES ('360', '2021', '5.23');
INSERT INTO medii_admitere (cod_specializare, an, medie) VALUES ('360', '2020', '7.44');INSERT INTO specializari (id_liceu, profil, specializare, limba, bilingv, cod_specializare, medie_actuala) VALUES ('Lic016', 'Real', 'Matematică-Informatică', 'Limba română', 'Limba italiană(cu examen)', '272', '7.65');
INSERT INTO medii_admitere (cod_specializare, an, medie) VALUES ('272', '2025', '7.65');
INSERT INTO medii_admitere (cod_specializare, an, medie) VALUES ('272', '2024', '6.65');
INSERT INTO medii_admitere (cod_specializare, an, medie) VALUES ('272', '2023', '7.80');
INSERT INTO medii_admitere (cod_specializare, an, medie) VALUES ('272', '2022', '7.64');
INSERT INTO medii_admitere (cod_specializare, an, medie) VALUES ('272', '2021', '6.02');
INSERT INTO medii_admitere (cod_specializare, an, medie) VALUES ('272', '2020', '4.81');INSERT INTO licee (id_liceu, nume, tip, sector, adresa) VALUES ('Lic052', '"Iuliu Maniu"', 'Colegiul Tehnic', 6, 'S6 STR Maniu Iuliu NR 381 - 391');
INSERT INTO specializari (id_liceu, profil, specializare, limba, bilingv, cod_specializare, medie_actuala) VALUES ('Lic052', 'Real', 'Științe ale Naturii', 'Limba română', NULL, '410', '7.22');
INSERT INTO medii_admitere (cod_specializare, an, medie) VALUES ('410', '2025', '7.22');
INSERT INTO medii_admitere (cod_specializare, an, medie) VALUES ('410', '2024', '6.62');
INSERT INTO medii_admitere (cod_specializare, an, medie) VALUES ('410', '2023', '7.32');
INSERT INTO medii_admitere (cod_specializare, an, medie) VALUES ('410', '2022', '7.10');
INSERT INTO medii_admitere (cod_specializare, an, medie) VALUES ('410', '2021', '4.02');
INSERT INTO medii_admitere (cod_specializare, an, medie) VALUES ('410', '2020', '7.30');INSERT INTO licee (id_liceu, nume, tip, sector, adresa) VALUES ('Lic070', '"Nikola Tesla"', 'Liceul Tehnologic', 2, 'S2 STR Pantelimon NR 25');
INSERT INTO specializari (id_liceu, profil, specializare, limba, bilingv, cod_specializare, medie_actuala) VALUES ('Lic070', 'Servicii', 'Economic', 'Limba română', NULL, '256', '6.97');
INSERT INTO medii_admitere (cod_specializare, an, medie) VALUES ('256', '2025', '6.97');
INSERT INTO medii_admitere (cod_specializare, an, medie) VALUES ('256', '2024', '6.55');
INSERT INTO medii_admitere (cod_specializare, an, medie) VALUES ('256', '2023', '7.60');
INSERT INTO medii_admitere (cod_specializare, an, medie) VALUES ('256', '2022', '7.73');
INSERT INTO medii_admitere (cod_specializare, an, medie) VALUES ('256', '2021', '6.44');
INSERT INTO medii_admitere (cod_specializare, an, medie) VALUES ('256', '2020', '7.16');INSERT INTO specializari (id_liceu, profil, specializare, limba, bilingv, cod_specializare, medie_actuala) VALUES ('Lic022', 'Servicii', 'Turism și alimentație', 'Limba română', NULL, '159', '7.20');
INSERT INTO medii_admitere (cod_specializare, an, medie) VALUES ('159', '2025', '7.20');
INSERT INTO medii_admitere (cod_specializare, an, medie) VALUES ('159', '2024', '6.50');
INSERT INTO medii_admitere (cod_specializare, an, medie) VALUES ('159', '2023', '7.30');
INSERT INTO medii_admitere (cod_specializare, an, medie) VALUES ('159', '2022', '7.25');
INSERT INTO medii_admitere (cod_specializare, an, medie) VALUES ('159', '2021', '5.87');
INSERT INTO medii_admitere (cod_specializare, an, medie) VALUES ('159', '2020', '6.61');INSERT INTO licee (id_liceu, nume, tip, sector, adresa) VALUES ('Lic005', '"Anghel Saligny"', 'Colegiul Tehnic', 3, 'S3 STR Grigorescu Nicolae, pictor NR 12');
INSERT INTO specializari (id_liceu, profil, specializare, limba, bilingv, cod_specializare, medie_actuala) VALUES ('Lic005', 'Servicii', 'Economic', 'Limba română', NULL, '297', '7.20');
INSERT INTO medii_admitere (cod_specializare, an, medie) VALUES ('297', '2025', '7.20');
INSERT INTO medii_admitere (cod_specializare, an, medie) VALUES ('297', '2024', '6.50');
INSERT INTO medii_admitere (cod_specializare, an, medie) VALUES ('297', '2023', '7.30');
INSERT INTO medii_admitere (cod_specializare, an, medie) VALUES ('297', '2022', '7.35');
INSERT INTO medii_admitere (cod_specializare, an, medie) VALUES ('297', '2021', '5.28');
INSERT INTO medii_admitere (cod_specializare, an, medie) VALUES ('297', '2020', NULL);INSERT INTO specializari (id_liceu, profil, specializare, limba, bilingv, cod_specializare, medie_actuala) VALUES ('Lic043', 'Real', 'Matematică-Informatică', 'Limba bulgară', 'Limba bulgară(fără examen)', '149', '6.70');
INSERT INTO medii_admitere (cod_specializare, an, medie) VALUES ('149', '2025', '6.70');
INSERT INTO medii_admitere (cod_specializare, an, medie) VALUES ('149', '2024', '6.45');
INSERT INTO medii_admitere (cod_specializare, an, medie) VALUES ('149', '2023', NULL);
INSERT INTO medii_admitere (cod_specializare, an, medie) VALUES ('149', '2022', '5.29');
INSERT INTO medii_admitere (cod_specializare, an, medie) VALUES ('149', '2021', '4.94');
INSERT INTO medii_admitere (cod_specializare, an, medie) VALUES ('149', '2020', '7.75');INSERT INTO specializari (id_liceu, profil, specializare, limba, bilingv, cod_specializare, medie_actuala) VALUES ('Lic061', 'Real', 'Științe ale Naturii', 'Limba română', NULL, '174', '7.22');
INSERT INTO medii_admitere (cod_specializare, an, medie) VALUES ('174', '2025', '7.22');
INSERT INTO medii_admitere (cod_specializare, an, medie) VALUES ('174', '2024', '6.45');
INSERT INTO medii_admitere (cod_specializare, an, medie) VALUES ('174', '2023', '7.20');
INSERT INTO medii_admitere (cod_specializare, an, medie) VALUES ('174', '2022', '7.08');
INSERT INTO medii_admitere (cod_specializare, an, medie) VALUES ('174', '2021', '3.47');
INSERT INTO medii_admitere (cod_specializare, an, medie) VALUES ('174', '2020', '7.41');INSERT INTO specializari (id_liceu, profil, specializare, limba, bilingv, cod_specializare, medie_actuala) VALUES ('Lic052', 'Umanist', 'Științe Sociale', 'Limba română', NULL, '411', '7.07');
INSERT INTO medii_admitere (cod_specializare, an, medie) VALUES ('411', '2025', '7.07');
INSERT INTO medii_admitere (cod_specializare, an, medie) VALUES ('411', '2024', '6.40');
INSERT INTO medii_admitere (cod_specializare, an, medie) VALUES ('411', '2023', '7.25');
INSERT INTO medii_admitere (cod_specializare, an, medie) VALUES ('411', '2022', '7.39');
INSERT INTO medii_admitere (cod_specializare, an, medie) VALUES ('411', '2021', '5.50');
INSERT INTO medii_admitere (cod_specializare, an, medie) VALUES ('411', '2020', '7.55');INSERT INTO specializari (id_liceu, profil, specializare, limba, bilingv, cod_specializare, medie_actuala) VALUES ('Lic005', 'Resurse naturale si Protecția mediului', 'Protecția mediului', 'Limba română', NULL, '298', '7.07');
INSERT INTO medii_admitere (cod_specializare, an, medie) VALUES ('298', '2025', '7.07');
INSERT INTO medii_admitere (cod_specializare, an, medie) VALUES ('298', '2024', '6.37');
INSERT INTO medii_admitere (cod_specializare, an, medie) VALUES ('298', '2023', '7.05');
INSERT INTO medii_admitere (cod_specializare, an, medie) VALUES ('298', '2022', '6.75');
INSERT INTO medii_admitere (cod_specializare, an, medie) VALUES ('298', '2021', '5.61');
INSERT INTO medii_admitere (cod_specializare, an, medie) VALUES ('298', '2020', '5.82');INSERT INTO specializari (id_liceu, profil, specializare, limba, bilingv, cod_specializare, medie_actuala) VALUES ('Lic011', 'Servicii', 'Turism și alimentație', 'Limba română', NULL, '249', '7.10');
INSERT INTO medii_admitere (cod_specializare, an, medie) VALUES ('249', '2025', '7.10');
INSERT INTO medii_admitere (cod_specializare, an, medie) VALUES ('249', '2024', '6.37');
INSERT INTO medii_admitere (cod_specializare, an, medie) VALUES ('249', '2023', '7.07');
INSERT INTO medii_admitere (cod_specializare, an, medie) VALUES ('249', '2022', '7.05');
INSERT INTO medii_admitere (cod_specializare, an, medie) VALUES ('249', '2021', '5.30');
INSERT INTO medii_admitere (cod_specializare, an, medie) VALUES ('249', '2020', '7.53');INSERT INTO specializari (id_liceu, profil, specializare, limba, bilingv, cod_specializare, medie_actuala) VALUES ('Lic034', 'Tehnic', 'Producție media', 'Limba română', NULL, '420', '7.12');
INSERT INTO medii_admitere (cod_specializare, an, medie) VALUES ('420', '2025', '7.12');
INSERT INTO medii_admitere (cod_specializare, an, medie) VALUES ('420', '2024', '6.37');
INSERT INTO medii_admitere (cod_specializare, an, medie) VALUES ('420', '2023', '6.80');
INSERT INTO medii_admitere (cod_specializare, an, medie) VALUES ('420', '2022', '6.72');
INSERT INTO medii_admitere (cod_specializare, an, medie) VALUES ('420', '2021', '5.28');
INSERT INTO medii_admitere (cod_specializare, an, medie) VALUES ('420', '2020', '6.53');INSERT INTO specializari (id_liceu, profil, specializare, limba, bilingv, cod_specializare, medie_actuala) VALUES ('Lic033', 'Servicii', 'Economic', 'Limba română', NULL, '398', '7.10');
INSERT INTO medii_admitere (cod_specializare, an, medie) VALUES ('398', '2025', '7.10');
INSERT INTO medii_admitere (cod_specializare, an, medie) VALUES ('398', '2024', '6.35');
INSERT INTO medii_admitere (cod_specializare, an, medie) VALUES ('398', '2023', '6.85');
INSERT INTO medii_admitere (cod_specializare, an, medie) VALUES ('398', '2022', '6.30');
INSERT INTO medii_admitere (cod_specializare, an, medie) VALUES ('398', '2021', '4.44');
INSERT INTO medii_admitere (cod_specializare, an, medie) VALUES ('398', '2020', '6.65');INSERT INTO specializari (id_liceu, profil, specializare, limba, bilingv, cod_specializare, medie_actuala) VALUES ('Lic020', 'Resurse naturale si Protecția mediului', 'Protecția mediului', 'Limba română', NULL, '243', '7.07');
INSERT INTO medii_admitere (cod_specializare, an, medie) VALUES ('243', '2025', '7.07');
INSERT INTO medii_admitere (cod_specializare, an, medie) VALUES ('243', '2024', '6.32');
INSERT INTO medii_admitere (cod_specializare, an, medie) VALUES ('243', '2023', '6.80');
INSERT INTO medii_admitere (cod_specializare, an, medie) VALUES ('243', '2022', '6.59');
INSERT INTO medii_admitere (cod_specializare, an, medie) VALUES ('243', '2021', '4.51');
INSERT INTO medii_admitere (cod_specializare, an, medie) VALUES ('243', '2020', NULL);INSERT INTO specializari (id_liceu, profil, specializare, limba, bilingv, cod_specializare, medie_actuala) VALUES ('Lic072', 'Tehnic', 'Electric', 'Limba română', NULL, '404', '7.02');
INSERT INTO medii_admitere (cod_specializare, an, medie) VALUES ('404', '2025', '7.02');
INSERT INTO medii_admitere (cod_specializare, an, medie) VALUES ('404', '2024', '6.30');
INSERT INTO medii_admitere (cod_specializare, an, medie) VALUES ('404', '2023', '6.75');
INSERT INTO medii_admitere (cod_specializare, an, medie) VALUES ('404', '2022', '6.85');
INSERT INTO medii_admitere (cod_specializare, an, medie) VALUES ('404', '2021', '5.08');
INSERT INTO medii_admitere (cod_specializare, an, medie) VALUES ('404', '2020', '6.93');INSERT INTO specializari (id_liceu, profil, specializare, limba, bilingv, cod_specializare, medie_actuala) VALUES ('Lic041', 'Tehnic', 'Mecanică', 'Limba română', NULL, '171', '6.75');
INSERT INTO medii_admitere (cod_specializare, an, medie) VALUES ('171', '2025', '6.75');
INSERT INTO medii_admitere (cod_specializare, an, medie) VALUES ('171', '2024', '6.25');
INSERT INTO medii_admitere (cod_specializare, an, medie) VALUES ('171', '2023', '6.55');
INSERT INTO medii_admitere (cod_specializare, an, medie) VALUES ('171', '2022', '6.81');
INSERT INTO medii_admitere (cod_specializare, an, medie) VALUES ('171', '2021', '5.48');
INSERT INTO medii_admitere (cod_specializare, an, medie) VALUES ('171', '2020', '7.38');INSERT INTO specializari (id_liceu, profil, specializare, limba, bilingv, cod_specializare, medie_actuala) VALUES ('Lic013', 'Tehnic', 'Chimie industrială', 'Limba română', NULL, '292', '6.55');
INSERT INTO medii_admitere (cod_specializare, an, medie) VALUES ('292', '2025', '6.55');
INSERT INTO medii_admitere (cod_specializare, an, medie) VALUES ('292', '2024', '6.22');
INSERT INTO medii_admitere (cod_specializare, an, medie) VALUES ('292', '2023', '6.35');
INSERT INTO medii_admitere (cod_specializare, an, medie) VALUES ('292', '2022', '6.75');
INSERT INTO medii_admitere (cod_specializare, an, medie) VALUES ('292', '2021', '5.31');
INSERT INTO medii_admitere (cod_specializare, an, medie) VALUES ('292', '2020', '6.16');INSERT INTO specializari (id_liceu, profil, specializare, limba, bilingv, cod_specializare, medie_actuala) VALUES ('Lic011', 'Resurse naturale si Protecția mediului', 'Protecția mediului', 'Limba română', NULL, '251', '6.87');
INSERT INTO medii_admitere (cod_specializare, an, medie) VALUES ('251', '2025', '6.87');
INSERT INTO medii_admitere (cod_specializare, an, medie) VALUES ('251', '2024', '6.20');
INSERT INTO medii_admitere (cod_specializare, an, medie) VALUES ('251', '2023', '6.72');
INSERT INTO medii_admitere (cod_specializare, an, medie) VALUES ('251', '2022', '6.45');
INSERT INTO medii_admitere (cod_specializare, an, medie) VALUES ('251', '2021', '4.13');
INSERT INTO medii_admitere (cod_specializare, an, medie) VALUES ('251', '2020', '6.07');INSERT INTO specializari (id_liceu, profil, specializare, limba, bilingv, cod_specializare, medie_actuala) VALUES ('Lic010', 'Resurse naturale si Protecția mediului', 'Protecția mediului', 'Limba română', NULL, '423', '6.80');
INSERT INTO medii_admitere (cod_specializare, an, medie) VALUES ('423', '2025', '6.80');
INSERT INTO medii_admitere (cod_specializare, an, medie) VALUES ('423', '2024', '6.17');
INSERT INTO medii_admitere (cod_specializare, an, medie) VALUES ('423', '2023', '6.32');
INSERT INTO medii_admitere (cod_specializare, an, medie) VALUES ('423', '2022', '6.52');
INSERT INTO medii_admitere (cod_specializare, an, medie) VALUES ('423', '2021', '4.69');
INSERT INTO medii_admitere (cod_specializare, an, medie) VALUES ('423', '2020', NULL);INSERT INTO licee (id_liceu, nume, tip, sector, adresa) VALUES ('Lic090', '"Viaceslav Harnaj"', 'Colegiul Tehnologic', 1, 'S1 STR Ficusului NR 20-26');
INSERT INTO specializari (id_liceu, profil, specializare, limba, bilingv, cod_specializare, medie_actuala) VALUES ('Lic090', 'Servicii', 'Economic', 'Limba română', NULL, '180', '6.75');
INSERT INTO medii_admitere (cod_specializare, an, medie) VALUES ('180', '2025', '6.75');
INSERT INTO medii_admitere (cod_specializare, an, medie) VALUES ('180', '2024', '6.12');
INSERT INTO medii_admitere (cod_specializare, an, medie) VALUES ('180', '2023', '6.82');
INSERT INTO medii_admitere (cod_specializare, an, medie) VALUES ('180', '2022', '6.92');
INSERT INTO medii_admitere (cod_specializare, an, medie) VALUES ('180', '2021', '5.43');
INSERT INTO medii_admitere (cod_specializare, an, medie) VALUES ('180', '2020', '7.48');INSERT INTO specializari (id_liceu, profil, specializare, limba, bilingv, cod_specializare, medie_actuala) VALUES ('Lic043', 'Umanist', 'Filologie', 'Limba rromani', 'Limba rromani(fără examen)', '154', '6.60');
INSERT INTO medii_admitere (cod_specializare, an, medie) VALUES ('154', '2025', '6.60');
INSERT INTO medii_admitere (cod_specializare, an, medie) VALUES ('154', '2024', '6.10');
INSERT INTO medii_admitere (cod_specializare, an, medie) VALUES ('154', '2023', '6.07');
INSERT INTO medii_admitere (cod_specializare, an, medie) VALUES ('154', '2022', '5.65');
INSERT INTO medii_admitere (cod_specializare, an, medie) VALUES ('154', '2021', '3.65');
INSERT INTO medii_admitere (cod_specializare, an, medie) VALUES ('154', '2020', '4.61');INSERT INTO specializari (id_liceu, profil, specializare, limba, bilingv, cod_specializare, medie_actuala) VALUES ('Lic072', 'Tehnic', 'Mecanică', 'Limba română', NULL, '405', '6.75');
INSERT INTO medii_admitere (cod_specializare, an, medie) VALUES ('405', '2025', '6.75');
INSERT INTO medii_admitere (cod_specializare, an, medie) VALUES ('405', '2024', '6.07');
INSERT INTO medii_admitere (cod_specializare, an, medie) VALUES ('405', '2023', '6.50');
INSERT INTO medii_admitere (cod_specializare, an, medie) VALUES ('405', '2022', '6.77');
INSERT INTO medii_admitere (cod_specializare, an, medie) VALUES ('405', '2021', '5.38');
INSERT INTO medii_admitere (cod_specializare, an, medie) VALUES ('405', '2020', '5.83');INSERT INTO licee (id_liceu, nume, tip, sector, adresa) VALUES ('Lic092', '"Viilor"', 'Colegiul Economic', 5, 'S5 STR Viilor NR 38');
INSERT INTO specializari (id_liceu, profil, specializare, limba, bilingv, cod_specializare, medie_actuala) VALUES ('Lic092', 'Servicii', 'Economic', 'Limba română', NULL, '374', '6.97');
INSERT INTO medii_admitere (cod_specializare, an, medie) VALUES ('374', '2025', '6.97');
INSERT INTO medii_admitere (cod_specializare, an, medie) VALUES ('374', '2024', '6.07');
INSERT INTO medii_admitere (cod_specializare, an, medie) VALUES ('374', '2023', '6.80');
INSERT INTO medii_admitere (cod_specializare, an, medie) VALUES ('374', '2022', '6.90');
INSERT INTO medii_admitere (cod_specializare, an, medie) VALUES ('374', '2021', '4.45');
INSERT INTO medii_admitere (cod_specializare, an, medie) VALUES ('374', '2020', '7.42');INSERT INTO specializari (id_liceu, profil, specializare, limba, bilingv, cod_specializare, medie_actuala) VALUES ('Lic033', 'Servicii', 'Turism și alimentație', 'Limba română', NULL, '399', '6.92');
INSERT INTO medii_admitere (cod_specializare, an, medie) VALUES ('399', '2025', '6.92');
INSERT INTO medii_admitere (cod_specializare, an, medie) VALUES ('399', '2024', '6.00');
INSERT INTO medii_admitere (cod_specializare, an, medie) VALUES ('399', '2023', '6.27');
INSERT INTO medii_admitere (cod_specializare, an, medie) VALUES ('399', '2022', '6.29');
INSERT INTO medii_admitere (cod_specializare, an, medie) VALUES ('399', '2021', '5.22');
INSERT INTO medii_admitere (cod_specializare, an, medie) VALUES ('399', '2020', '6.79');INSERT INTO licee (id_liceu, nume, tip, sector, adresa) VALUES ('Lic048', '"Ion I.C. Brătianu"', 'Liceul Tehnologic', 2, 'S2 STR Popa Lazăr NR 8A');
INSERT INTO specializari (id_liceu, profil, specializare, limba, bilingv, cod_specializare, medie_actuala) VALUES ('Lic040', 'Servicii', 'Turism și alimentație', 'Limba română', NULL, '165', '6.62');
INSERT INTO medii_admitere (cod_specializare, an, medie) VALUES ('165', '2025', '6.62');
INSERT INTO medii_admitere (cod_specializare, an, medie) VALUES ('165', '2024', '5.92');
INSERT INTO medii_admitere (cod_specializare, an, medie) VALUES ('165', '2023', '6.20');
INSERT INTO medii_admitere (cod_specializare, an, medie) VALUES ('165', '2022', '5.95');
INSERT INTO medii_admitere (cod_specializare, an, medie) VALUES ('165', '2021', NULL);
INSERT INTO medii_admitere (cod_specializare, an, medie) VALUES ('165', '2020', '7.15');INSERT INTO licee (id_liceu, nume, tip, sector, adresa) VALUES ('Lic066', '"Nr. 1"', 'Liceul Economic', 4, 'S4 STR Izvorul Crișului NR 4');
INSERT INTO specializari (id_liceu, profil, specializare, limba, bilingv, cod_specializare, medie_actuala) VALUES ('Lic066', 'Servicii', 'Economic', 'Limba română', NULL, '342', '6.70');
INSERT INTO medii_admitere (cod_specializare, an, medie) VALUES ('342', '2025', '6.70');
INSERT INTO medii_admitere (cod_specializare, an, medie) VALUES ('342', '2024', '5.90');
INSERT INTO medii_admitere (cod_specializare, an, medie) VALUES ('342', '2023', '6.47');
INSERT INTO medii_admitere (cod_specializare, an, medie) VALUES ('342', '2022', '6.67');
INSERT INTO medii_admitere (cod_specializare, an, medie) VALUES ('342', '2021', '4.41');
INSERT INTO medii_admitere (cod_specializare, an, medie) VALUES ('342', '2020', '7.53');INSERT INTO specializari (id_liceu, profil, specializare, limba, bilingv, cod_specializare, medie_actuala) VALUES ('Lic066', 'Servicii', 'Turism și alimentație', 'Limba română', NULL, '343', '6.60');
INSERT INTO medii_admitere (cod_specializare, an, medie) VALUES ('343', '2025', '6.60');
INSERT INTO medii_admitere (cod_specializare, an, medie) VALUES ('343', '2024', '5.82');
INSERT INTO medii_admitere (cod_specializare, an, medie) VALUES ('343', '2023', '6.40');
INSERT INTO medii_admitere (cod_specializare, an, medie) VALUES ('343', '2022', '6.63');
INSERT INTO medii_admitere (cod_specializare, an, medie) VALUES ('343', '2021', '4.58');
INSERT INTO medii_admitere (cod_specializare, an, medie) VALUES ('343', '2020', '7.66');INSERT INTO licee (id_liceu, nume, tip, sector, adresa) VALUES ('Lic023', '"Dragomir Hurmuzescu"', 'Liceul Tehnologic', 3, 'S3 STR Basarabia NR 256');
INSERT INTO specializari (id_liceu, profil, specializare, limba, bilingv, cod_specializare, medie_actuala) VALUES ('Lic023', 'Servicii', 'Economic', 'Limba română', NULL, '307', '6.32');
INSERT INTO medii_admitere (cod_specializare, an, medie) VALUES ('307', '2025', '6.32');
INSERT INTO medii_admitere (cod_specializare, an, medie) VALUES ('307', '2024', '5.82');
INSERT INTO medii_admitere (cod_specializare, an, medie) VALUES ('307', '2023', '6.62');
INSERT INTO medii_admitere (cod_specializare, an, medie) VALUES ('307', '2022', '6.78');
INSERT INTO medii_admitere (cod_specializare, an, medie) VALUES ('307', '2021', '4.66');
INSERT INTO medii_admitere (cod_specializare, an, medie) VALUES ('307', '2020', '7.68');INSERT INTO specializari (id_liceu, profil, specializare, limba, bilingv, cod_specializare, medie_actuala) VALUES ('Lic034', 'Tehnic', 'Industrie textilă și pielărie', 'Limba română', NULL, '419', '6.35');
INSERT INTO medii_admitere (cod_specializare, an, medie) VALUES ('419', '2025', '6.35');
INSERT INTO medii_admitere (cod_specializare, an, medie) VALUES ('419', '2024', '5.62');
INSERT INTO medii_admitere (cod_specializare, an, medie) VALUES ('419', '2023', '5.77');
INSERT INTO medii_admitere (cod_specializare, an, medie) VALUES ('419', '2022', '5.98');
INSERT INTO medii_admitere (cod_specializare, an, medie) VALUES ('419', '2021', '3.22');
INSERT INTO medii_admitere (cod_specializare, an, medie) VALUES ('419', '2020', '6.27');INSERT INTO specializari (id_liceu, profil, specializare, limba, bilingv, cod_specializare, medie_actuala) VALUES ('Lic013', 'Resurse naturale si Protecția mediului', 'Protecția mediului', 'Limba română', NULL, '294', '6.02');
INSERT INTO medii_admitere (cod_specializare, an, medie) VALUES ('294', '2025', '6.02');
INSERT INTO medii_admitere (cod_specializare, an, medie) VALUES ('294', '2024', '5.47');
INSERT INTO medii_admitere (cod_specializare, an, medie) VALUES ('294', '2023', '6.17');
INSERT INTO medii_admitere (cod_specializare, an, medie) VALUES ('294', '2022', '6.14');
INSERT INTO medii_admitere (cod_specializare, an, medie) VALUES ('294', '2021', '3.93');
INSERT INTO medii_admitere (cod_specializare, an, medie) VALUES ('294', '2020', '6.54');INSERT INTO specializari (id_liceu, profil, specializare, limba, bilingv, cod_specializare, medie_actuala) VALUES ('Lic085', 'Resurse naturale si Protecția mediului', 'Protecția mediului', 'Limba română', NULL, '339', '6.67');
INSERT INTO medii_admitere (cod_specializare, an, medie) VALUES ('339', '2025', '6.67');
INSERT INTO medii_admitere (cod_specializare, an, medie) VALUES ('339', '2024', '5.45');
INSERT INTO medii_admitere (cod_specializare, an, medie) VALUES ('339', '2023', '5.80');
INSERT INTO medii_admitere (cod_specializare, an, medie) VALUES ('339', '2022', '5.88');
INSERT INTO medii_admitere (cod_specializare, an, medie) VALUES ('339', '2021', '4.84');
INSERT INTO medii_admitere (cod_specializare, an, medie) VALUES ('339', '2020', '6.31');INSERT INTO specializari (id_liceu, profil, specializare, limba, bilingv, cod_specializare, medie_actuala) VALUES ('Lic070', 'Resurse naturale si Protecția mediului', 'Protecția mediului', 'Limba română', NULL, '255', '6.22');
INSERT INTO medii_admitere (cod_specializare, an, medie) VALUES ('255', '2025', '6.22');
INSERT INTO medii_admitere (cod_specializare, an, medie) VALUES ('255', '2024', '5.45');
INSERT INTO medii_admitere (cod_specializare, an, medie) VALUES ('255', '2023', NULL);
INSERT INTO medii_admitere (cod_specializare, an, medie) VALUES ('255', '2022', NULL);
INSERT INTO medii_admitere (cod_specializare, an, medie) VALUES ('255', '2021', NULL);
INSERT INTO medii_admitere (cod_specializare, an, medie) VALUES ('255', '2020', NULL);INSERT INTO specializari (id_liceu, profil, specializare, limba, bilingv, cod_specializare, medie_actuala) VALUES ('Lic013', 'Resurse naturale si protectia mediului', 'Industrie alimentară', 'Limba română', NULL, '293', '6.20');
INSERT INTO medii_admitere (cod_specializare, an, medie) VALUES ('293', '2025', '6.20');
INSERT INTO medii_admitere (cod_specializare, an, medie) VALUES ('293', '2024', '5.45');
INSERT INTO medii_admitere (cod_specializare, an, medie) VALUES ('293', '2023', '6.12');
INSERT INTO medii_admitere (cod_specializare, an, medie) VALUES ('293', '2022', '5.96');
INSERT INTO medii_admitere (cod_specializare, an, medie) VALUES ('293', '2021', '4.82');
INSERT INTO medii_admitere (cod_specializare, an, medie) VALUES ('293', '2020', '7.00');INSERT INTO specializari (id_liceu, profil, specializare, limba, bilingv, cod_specializare, medie_actuala) VALUES ('Lic048', 'Servicii', 'Turism și alimentație', 'Limba română', NULL, '252', '6.15');
INSERT INTO medii_admitere (cod_specializare, an, medie) VALUES ('252', '2025', '6.15');
INSERT INTO medii_admitere (cod_specializare, an, medie) VALUES ('252', '2024', '5.40');
INSERT INTO medii_admitere (cod_specializare, an, medie) VALUES ('252', '2023', '5.80');
INSERT INTO medii_admitere (cod_specializare, an, medie) VALUES ('252', '2022', '6.22');
INSERT INTO medii_admitere (cod_specializare, an, medie) VALUES ('252', '2021', '3.97');
INSERT INTO medii_admitere (cod_specializare, an, medie) VALUES ('252', '2020', '7.11');INSERT INTO specializari (id_liceu, profil, specializare, limba, bilingv, cod_specializare, medie_actuala) VALUES ('Lic020', 'Tehnic', 'Electronică automatizări', 'Limba română', NULL, '241', '6.43');
INSERT INTO medii_admitere (cod_specializare, an, medie) VALUES ('241', '2025', '6.43');
INSERT INTO medii_admitere (cod_specializare, an, medie) VALUES ('241', '2024', '5.40');
INSERT INTO medii_admitere (cod_specializare, an, medie) VALUES ('241', '2023', '5.45');
INSERT INTO medii_admitere (cod_specializare, an, medie) VALUES ('241', '2022', '6.24');
INSERT INTO medii_admitere (cod_specializare, an, medie) VALUES ('241', '2021', '4.28');
INSERT INTO medii_admitere (cod_specializare, an, medie) VALUES ('241', '2020', '6.22');INSERT INTO specializari (id_liceu, profil, specializare, limba, bilingv, cod_specializare, medie_actuala) VALUES ('Lic038', 'Servicii', 'Turism și alimentație', 'Limba română', NULL, '372', '6.82');
INSERT INTO medii_admitere (cod_specializare, an, medie) VALUES ('372', '2025', '6.82');
INSERT INTO medii_admitere (cod_specializare, an, medie) VALUES ('372', '2024', '5.35');
INSERT INTO medii_admitere (cod_specializare, an, medie) VALUES ('372', '2023', '5.85');
INSERT INTO medii_admitere (cod_specializare, an, medie) VALUES ('372', '2022', '6.10');
INSERT INTO medii_admitere (cod_specializare, an, medie) VALUES ('372', '2021', '4.20');
INSERT INTO medii_admitere (cod_specializare, an, medie) VALUES ('372', '2020', '6.09');INSERT INTO specializari (id_liceu, profil, specializare, limba, bilingv, cod_specializare, medie_actuala) VALUES ('Lic005', 'Tehnic', 'Construcții, instalații și lucrări publice', 'Limba română', NULL, '296', '6.50');
INSERT INTO medii_admitere (cod_specializare, an, medie) VALUES ('296', '2025', '6.50');
INSERT INTO medii_admitere (cod_specializare, an, medie) VALUES ('296', '2024', '5.35');
INSERT INTO medii_admitere (cod_specializare, an, medie) VALUES ('296', '2023', '5.32');
INSERT INTO medii_admitere (cod_specializare, an, medie) VALUES ('296', '2022', '6.00');
INSERT INTO medii_admitere (cod_specializare, an, medie) VALUES ('296', '2021', '5.07');
INSERT INTO medii_admitere (cod_specializare, an, medie) VALUES ('296', '2020', '5.44');INSERT INTO specializari (id_liceu, profil, specializare, limba, bilingv, cod_specializare, medie_actuala) VALUES ('Lic077', 'Tehnic', 'Mecanică', 'Limba română', NULL, '246', '5.65');
INSERT INTO medii_admitere (cod_specializare, an, medie) VALUES ('246', '2025', '5.65');
INSERT INTO medii_admitere (cod_specializare, an, medie) VALUES ('246', '2024', '5.30');
INSERT INTO medii_admitere (cod_specializare, an, medie) VALUES ('246', '2023', '5.17');
INSERT INTO medii_admitere (cod_specializare, an, medie) VALUES ('246', '2022', '5.59');
INSERT INTO medii_admitere (cod_specializare, an, medie) VALUES ('246', '2021', '4.13');
INSERT INTO medii_admitere (cod_specializare, an, medie) VALUES ('246', '2020', '6.07');INSERT INTO specializari (id_liceu, profil, specializare, limba, bilingv, cod_specializare, medie_actuala) VALUES ('Lic029', 'Servicii', 'Turism și alimentație', 'Limba română', NULL, '361', '6.40');
INSERT INTO medii_admitere (cod_specializare, an, medie) VALUES ('361', '2025', '6.40');
INSERT INTO medii_admitere (cod_specializare, an, medie) VALUES ('361', '2024', '5.30');
INSERT INTO medii_admitere (cod_specializare, an, medie) VALUES ('361', '2023', '5.75');
INSERT INTO medii_admitere (cod_specializare, an, medie) VALUES ('361', '2022', '6.09');
INSERT INTO medii_admitere (cod_specializare, an, medie) VALUES ('361', '2021', '3.44');
INSERT INTO medii_admitere (cod_specializare, an, medie) VALUES ('361', '2020', '6.62');INSERT INTO specializari (id_liceu, profil, specializare, limba, bilingv, cod_specializare, medie_actuala) VALUES ('Lic023', 'Servicii', 'Comerț', 'Limba română', NULL, '306', '6.02');
INSERT INTO medii_admitere (cod_specializare, an, medie) VALUES ('306', '2025', '6.02');
INSERT INTO medii_admitere (cod_specializare, an, medie) VALUES ('306', '2024', '5.27');
INSERT INTO medii_admitere (cod_specializare, an, medie) VALUES ('306', '2023', '5.82');
INSERT INTO medii_admitere (cod_specializare, an, medie) VALUES ('306', '2022', '6.00');
INSERT INTO medii_admitere (cod_specializare, an, medie) VALUES ('306', '2021', NULL);
INSERT INTO medii_admitere (cod_specializare, an, medie) VALUES ('306', '2020', NULL);INSERT INTO specializari (id_liceu, profil, specializare, limba, bilingv, cod_specializare, medie_actuala) VALUES ('Lic085', 'Tehnic', 'Electric', 'Limba română', NULL, '337', '6.27');
INSERT INTO medii_admitere (cod_specializare, an, medie) VALUES ('337', '2025', '6.27');
INSERT INTO medii_admitere (cod_specializare, an, medie) VALUES ('337', '2024', '5.22');
INSERT INTO medii_admitere (cod_specializare, an, medie) VALUES ('337', '2023', '5.55');
INSERT INTO medii_admitere (cod_specializare, an, medie) VALUES ('337', '2022', '5.36');
INSERT INTO medii_admitere (cod_specializare, an, medie) VALUES ('337', '2021', '4.82');
INSERT INTO medii_admitere (cod_specializare, an, medie) VALUES ('337', '2020', '6.53');INSERT INTO specializari (id_liceu, profil, specializare, limba, bilingv, cod_specializare, medie_actuala) VALUES ('Lic090', 'Servicii', 'Turism și alimentație', 'Limba română', NULL, '181', '6.10');
INSERT INTO medii_admitere (cod_specializare, an, medie) VALUES ('181', '2025', '6.10');
INSERT INTO medii_admitere (cod_specializare, an, medie) VALUES ('181', '2024', '5.20');
INSERT INTO medii_admitere (cod_specializare, an, medie) VALUES ('181', '2023', '5.97');
INSERT INTO medii_admitere (cod_specializare, an, medie) VALUES ('181', '2022', '6.11');
INSERT INTO medii_admitere (cod_specializare, an, medie) VALUES ('181', '2021', '3.94');
INSERT INTO medii_admitere (cod_specializare, an, medie) VALUES ('181', '2020', '7.35');INSERT INTO licee (id_liceu, nume, tip, sector, adresa) VALUES ('Lic064', '"Mircea cel Bătrân"', 'Colegiul Tehnic', 1, 'S1 STR Feroviarilor NR 37');
INSERT INTO specializari (id_liceu, profil, specializare, limba, bilingv, cod_specializare, medie_actuala) VALUES ('Lic064', 'Servicii', 'Economic', 'Limba română', NULL, '176', '5.60');
INSERT INTO medii_admitere (cod_specializare, an, medie) VALUES ('176', '2025', '5.60');
INSERT INTO medii_admitere (cod_specializare, an, medie) VALUES ('176', '2024', '5.17');
INSERT INTO medii_admitere (cod_specializare, an, medie) VALUES ('176', '2023', '6.07');
INSERT INTO medii_admitere (cod_specializare, an, medie) VALUES ('176', '2022', '6.26');
INSERT INTO medii_admitere (cod_specializare, an, medie) VALUES ('176', '2021', '3.50');
INSERT INTO medii_admitere (cod_specializare, an, medie) VALUES ('176', '2020', '6.89');INSERT INTO specializari (id_liceu, profil, specializare, limba, bilingv, cod_specializare, medie_actuala) VALUES ('Lic041', 'Tehnic', 'Electromecanică', 'Limba română', NULL, '172', '5.85');
INSERT INTO medii_admitere (cod_specializare, an, medie) VALUES ('172', '2025', '5.85');
INSERT INTO medii_admitere (cod_specializare, an, medie) VALUES ('172', '2024', '5.17');
INSERT INTO medii_admitere (cod_specializare, an, medie) VALUES ('172', '2023', '5.80');
INSERT INTO medii_admitere (cod_specializare, an, medie) VALUES ('172', '2022', '6.42');
INSERT INTO medii_admitere (cod_specializare, an, medie) VALUES ('172', '2021', '3.52');
INSERT INTO medii_admitere (cod_specializare, an, medie) VALUES ('172', '2020', '6.55');INSERT INTO specializari (id_liceu, profil, specializare, limba, bilingv, cod_specializare, medie_actuala) VALUES ('Lic013', 'Tehnic', 'Electric', 'Limba română', NULL, '295', '5.70');
INSERT INTO medii_admitere (cod_specializare, an, medie) VALUES ('295', '2025', '5.70');
INSERT INTO medii_admitere (cod_specializare, an, medie) VALUES ('295', '2024', '5.15');
INSERT INTO medii_admitere (cod_specializare, an, medie) VALUES ('295', '2023', NULL);
INSERT INTO medii_admitere (cod_specializare, an, medie) VALUES ('295', '2022', NULL);
INSERT INTO medii_admitere (cod_specializare, an, medie) VALUES ('295', '2021', '3.50');
INSERT INTO medii_admitere (cod_specializare, an, medie) VALUES ('295', '2020', NULL);INSERT INTO specializari (id_liceu, profil, specializare, limba, bilingv, cod_specializare, medie_actuala) VALUES ('Lic092', 'Servicii', 'Turism și alimentație', 'Limba română', NULL, '373', '6.00');
INSERT INTO medii_admitere (cod_specializare, an, medie) VALUES ('373', '2025', '6.00');
INSERT INTO medii_admitere (cod_specializare, an, medie) VALUES ('373', '2024', '5.10');
INSERT INTO medii_admitere (cod_specializare, an, medie) VALUES ('373', '2023', '5.92');
INSERT INTO medii_admitere (cod_specializare, an, medie) VALUES ('373', '2022', '6.50');
INSERT INTO medii_admitere (cod_specializare, an, medie) VALUES ('373', '2021', '4.44');
INSERT INTO medii_admitere (cod_specializare, an, medie) VALUES ('373', '2020', '7.08');INSERT INTO specializari (id_liceu, profil, specializare, limba, bilingv, cod_specializare, medie_actuala) VALUES ('Lic033', 'Tehnic', 'Electronică automatizări', 'Limba română', NULL, '397', '6.25');
INSERT INTO medii_admitere (cod_specializare, an, medie) VALUES ('397', '2025', '6.25');
INSERT INTO medii_admitere (cod_specializare, an, medie) VALUES ('397', '2024', '5.10');
INSERT INTO medii_admitere (cod_specializare, an, medie) VALUES ('397', '2023', '5.32');
INSERT INTO medii_admitere (cod_specializare, an, medie) VALUES ('397', '2022', '4.84');
INSERT INTO medii_admitere (cod_specializare, an, medie) VALUES ('397', '2021', '3.98');
INSERT INTO medii_admitere (cod_specializare, an, medie) VALUES ('397', '2020', '6.30');INSERT INTO specializari (id_liceu, profil, specializare, limba, bilingv, cod_specializare, medie_actuala) VALUES ('Lic092', 'Servicii', 'Comerț', 'Limba română', NULL, '375', '6.12');
INSERT INTO medii_admitere (cod_specializare, an, medie) VALUES ('375', '2025', '6.12');
INSERT INTO medii_admitere (cod_specializare, an, medie) VALUES ('375', '2024', '5.07');
INSERT INTO medii_admitere (cod_specializare, an, medie) VALUES ('375', '2023', '5.82');
INSERT INTO medii_admitere (cod_specializare, an, medie) VALUES ('375', '2022', '6.21');
INSERT INTO medii_admitere (cod_specializare, an, medie) VALUES ('375', '2021', '4.54');
INSERT INTO medii_admitere (cod_specializare, an, medie) VALUES ('375', '2020', '7.00');INSERT INTO specializari (id_liceu, profil, specializare, limba, bilingv, cod_specializare, medie_actuala) VALUES ('Lic085', 'Tehnic', 'Electronică automatizări', 'Limba română', NULL, '338', '5.92');
INSERT INTO medii_admitere (cod_specializare, an, medie) VALUES ('338', '2025', '5.92');
INSERT INTO medii_admitere (cod_specializare, an, medie) VALUES ('338', '2024', '5.00');
INSERT INTO medii_admitere (cod_specializare, an, medie) VALUES ('338', '2023', '5.40');
INSERT INTO medii_admitere (cod_specializare, an, medie) VALUES ('338', '2022', '5.22');
INSERT INTO medii_admitere (cod_specializare, an, medie) VALUES ('338', '2021', '4.50');
INSERT INTO medii_admitere (cod_specializare, an, medie) VALUES ('338', '2020', '6.08');INSERT INTO specializari (id_liceu, profil, specializare, limba, bilingv, cod_specializare, medie_actuala) VALUES ('Lic052', 'Servicii', 'Turism și alimentație', 'Limba română', NULL, '414', '5.80');
INSERT INTO medii_admitere (cod_specializare, an, medie) VALUES ('414', '2025', '5.80');
INSERT INTO medii_admitere (cod_specializare, an, medie) VALUES ('414', '2024', '4.95');
INSERT INTO medii_admitere (cod_specializare, an, medie) VALUES ('414', '2023', '5.80');
INSERT INTO medii_admitere (cod_specializare, an, medie) VALUES ('414', '2022', '5.92');
INSERT INTO medii_admitere (cod_specializare, an, medie) VALUES ('414', '2021', '3.47');
INSERT INTO medii_admitere (cod_specializare, an, medie) VALUES ('414', '2020', '6.02');INSERT INTO licee (id_liceu, nume, tip, sector, adresa) VALUES ('Lic002', '"Ady Endre"', 'Liceul Teoretic', 2, 'S2 STR Ferdinand I NR 89');
INSERT INTO specializari (id_liceu, profil, specializare, limba, bilingv, cod_specializare, medie_actuala) VALUES ('Lic002', 'Real', 'Științe ale Naturii', 'Limba maghiară', NULL, '216', '6.38');
INSERT INTO medii_admitere (cod_specializare, an, medie) VALUES ('216', '2025', '6.38');
INSERT INTO medii_admitere (cod_specializare, an, medie) VALUES ('216', '2024', '4.90');
INSERT INTO medii_admitere (cod_specializare, an, medie) VALUES ('216', '2023', '5.40');
INSERT INTO medii_admitere (cod_specializare, an, medie) VALUES ('216', '2022', '6.16');
INSERT INTO medii_admitere (cod_specializare, an, medie) VALUES ('216', '2021', '6.49');
INSERT INTO medii_admitere (cod_specializare, an, medie) VALUES ('216', '2020', '5.76');INSERT INTO specializari (id_liceu, profil, specializare, limba, bilingv, cod_specializare, medie_actuala) VALUES ('Lic023', 'Servicii', 'Estetica și igiena corpului omenesc', 'Limba română', NULL, '308', '5.40');
INSERT INTO medii_admitere (cod_specializare, an, medie) VALUES ('308', '2025', '5.40');
INSERT INTO medii_admitere (cod_specializare, an, medie) VALUES ('308', '2024', '4.85');
INSERT INTO medii_admitere (cod_specializare, an, medie) VALUES ('308', '2023', '5.12');
INSERT INTO medii_admitere (cod_specializare, an, medie) VALUES ('308', '2022', '6.14');
INSERT INTO medii_admitere (cod_specializare, an, medie) VALUES ('308', '2021', '5.52');
INSERT INTO medii_admitere (cod_specializare, an, medie) VALUES ('308', '2020', '6.65');INSERT INTO specializari (id_liceu, profil, specializare, limba, bilingv, cod_specializare, medie_actuala) VALUES ('Lic038', 'Tehnic', 'Mecanică', 'Limba română', NULL, '370', '5.82');
INSERT INTO medii_admitere (cod_specializare, an, medie) VALUES ('370', '2025', '5.82');
INSERT INTO medii_admitere (cod_specializare, an, medie) VALUES ('370', '2024', '4.85');
INSERT INTO medii_admitere (cod_specializare, an, medie) VALUES ('370', '2023', '5.42');
INSERT INTO medii_admitere (cod_specializare, an, medie) VALUES ('370', '2022', '6.00');
INSERT INTO medii_admitere (cod_specializare, an, medie) VALUES ('370', '2021', '4.87');
INSERT INTO medii_admitere (cod_specializare, an, medie) VALUES ('370', '2020', '6.00');INSERT INTO licee (id_liceu, nume, tip, sector, adresa) VALUES ('Lic027', '"Elie Radu"', 'Liceul Tehnologic', 3, 'S3 STR Energeticienilor NR 5');
INSERT INTO specializari (id_liceu, profil, specializare, limba, bilingv, cod_specializare, medie_actuala) VALUES ('Lic027', 'Servicii', 'Economic', 'Limba română', NULL, '304', '5.40');
INSERT INTO medii_admitere (cod_specializare, an, medie) VALUES ('304', '2025', '5.40');
INSERT INTO medii_admitere (cod_specializare, an, medie) VALUES ('304', '2024', '4.82');
INSERT INTO medii_admitere (cod_specializare, an, medie) VALUES ('304', '2023', '5.50');
INSERT INTO medii_admitere (cod_specializare, an, medie) VALUES ('304', '2022', '6.01');
INSERT INTO medii_admitere (cod_specializare, an, medie) VALUES ('304', '2021', '4.93');
INSERT INTO medii_admitere (cod_specializare, an, medie) VALUES ('304', '2020', '6.16');INSERT INTO licee (id_liceu, nume, tip, sector, adresa) VALUES ('Lic073', '"Petru Poni"', 'Liceul Tehnologic', 6, 'S6 STR Preciziei NR 18');
INSERT INTO specializari (id_liceu, profil, specializare, limba, bilingv, cod_specializare, medie_actuala) VALUES ('Lic073', 'Servicii', 'Economic', 'Limba română', NULL, '409', '4.92');
INSERT INTO medii_admitere (cod_specializare, an, medie) VALUES ('409', '2025', '4.92');
INSERT INTO medii_admitere (cod_specializare, an, medie) VALUES ('409', '2024', '4.82');
INSERT INTO medii_admitere (cod_specializare, an, medie) VALUES ('409', '2023', '5.85');
INSERT INTO medii_admitere (cod_specializare, an, medie) VALUES ('409', '2022', '6.23');
INSERT INTO medii_admitere (cod_specializare, an, medie) VALUES ('409', '2021', '4.50');
INSERT INTO medii_admitere (cod_specializare, an, medie) VALUES ('409', '2020', '6.29');INSERT INTO specializari (id_liceu, profil, specializare, limba, bilingv, cod_specializare, medie_actuala) VALUES ('Lic073', 'Servicii', 'Comerț', 'Limba română', NULL, '408', '3.97');
INSERT INTO medii_admitere (cod_specializare, an, medie) VALUES ('408', '2025', '3.97');
INSERT INTO medii_admitere (cod_specializare, an, medie) VALUES ('408', '2024', '4.82');
INSERT INTO medii_admitere (cod_specializare, an, medie) VALUES ('408', '2023', NULL);
INSERT INTO medii_admitere (cod_specializare, an, medie) VALUES ('408', '2022', NULL);
INSERT INTO medii_admitere (cod_specializare, an, medie) VALUES ('408', '2021', NULL);
INSERT INTO medii_admitere (cod_specializare, an, medie) VALUES ('408', '2020', NULL);INSERT INTO specializari (id_liceu, profil, specializare, limba, bilingv, cod_specializare, medie_actuala) VALUES ('Lic070', 'Tehnic', 'Electronică automatizări', 'Limba română', NULL, '258', '5.30');
INSERT INTO medii_admitere (cod_specializare, an, medie) VALUES ('258', '2025', '5.30');
INSERT INTO medii_admitere (cod_specializare, an, medie) VALUES ('258', '2024', '4.60');
INSERT INTO medii_admitere (cod_specializare, an, medie) VALUES ('258', '2023', NULL);
INSERT INTO medii_admitere (cod_specializare, an, medie) VALUES ('258', '2022', NULL);
INSERT INTO medii_admitere (cod_specializare, an, medie) VALUES ('258', '2021', '5.43');
INSERT INTO medii_admitere (cod_specializare, an, medie) VALUES ('258', '2020', NULL);INSERT INTO specializari (id_liceu, profil, specializare, limba, bilingv, cod_specializare, medie_actuala) VALUES ('Lic010', 'Tehnic', 'Electronică automatizări', 'Limba română', NULL, '424', '5.67');
INSERT INTO medii_admitere (cod_specializare, an, medie) VALUES ('424', '2025', '5.67');
INSERT INTO medii_admitere (cod_specializare, an, medie) VALUES ('424', '2024', '4.65');
INSERT INTO medii_admitere (cod_specializare, an, medie) VALUES ('424', '2023', '4.90');
INSERT INTO medii_admitere (cod_specializare, an, medie) VALUES ('424', '2022', '5.39');
INSERT INTO medii_admitere (cod_specializare, an, medie) VALUES ('424', '2021', NULL);
INSERT INTO medii_admitere (cod_specializare, an, medie) VALUES ('424', '2020', '5.95');INSERT INTO specializari (id_liceu, profil, specializare, limba, bilingv, cod_specializare, medie_actuala) VALUES ('Lic070', 'Tehnic', 'Electric', 'Limba română', NULL, '257', '5.62');
INSERT INTO medii_admitere (cod_specializare, an, medie) VALUES ('257', '2025', '5.62');
INSERT INTO medii_admitere (cod_specializare, an, medie) VALUES ('257', '2024', '4.62');
INSERT INTO medii_admitere (cod_specializare, an, medie) VALUES ('257', '2023', '5.52');
INSERT INTO medii_admitere (cod_specializare, an, medie) VALUES ('257', '2022', '6.31');
INSERT INTO medii_admitere (cod_specializare, an, medie) VALUES ('257', '2021', NULL);
INSERT INTO medii_admitere (cod_specializare, an, medie) VALUES ('257', '2020', '6.00');INSERT INTO specializari (id_liceu, profil, specializare, limba, bilingv, cod_specializare, medie_actuala) VALUES ('Lic011', 'Tehnic', 'Fabricarea produselor din lemn', 'Limba română', NULL, '250', '5.12');
INSERT INTO medii_admitere (cod_specializare, an, medie) VALUES ('250', '2025', '5.12');
INSERT INTO medii_admitere (cod_specializare, an, medie) VALUES ('250', '2024', '4.57');
INSERT INTO medii_admitere (cod_specializare, an, medie) VALUES ('250', '2023', '5.25');
INSERT INTO medii_admitere (cod_specializare, an, medie) VALUES ('250', '2022', '5.45');
INSERT INTO medii_admitere (cod_specializare, an, medie) VALUES ('250', '2021', '4.33');
INSERT INTO medii_admitere (cod_specializare, an, medie) VALUES ('250', '2020', '5.99');INSERT INTO licee (id_liceu, nume, tip, sector, adresa) VALUES ('Lic015', '"Dacia"', 'Liceul Tehnologic', 4, 'S4 STR Grigore Marin, cap. NR 42-44');
INSERT INTO specializari (id_liceu, profil, specializare, limba, bilingv, cod_specializare, medie_actuala) VALUES ('Lic015', 'Resurse naturale si Protecția mediului', 'Protecția mediului', 'Limba română', NULL, '340', '5.32');
INSERT INTO medii_admitere (cod_specializare, an, medie) VALUES ('340', '2025', '5.32');
INSERT INTO medii_admitere (cod_specializare, an, medie) VALUES ('340', '2024', '4.50');
INSERT INTO medii_admitere (cod_specializare, an, medie) VALUES ('340', '2023', NULL);
INSERT INTO medii_admitere (cod_specializare, an, medie) VALUES ('340', '2022', NULL);
INSERT INTO medii_admitere (cod_specializare, an, medie) VALUES ('340', '2021', '4.83');
INSERT INTO medii_admitere (cod_specializare, an, medie) VALUES ('340', '2020', NULL);INSERT INTO specializari (id_liceu, profil, specializare, limba, bilingv, cod_specializare, medie_actuala) VALUES ('Lic059', 'Tehnic', 'Construcții, instalații și lucrări publice', 'Limba română', NULL, '301', '5.12');
INSERT INTO medii_admitere (cod_specializare, an, medie) VALUES ('301', '2025', '5.12');
INSERT INTO medii_admitere (cod_specializare, an, medie) VALUES ('301', '2024', '4.47');
INSERT INTO medii_admitere (cod_specializare, an, medie) VALUES ('301', '2023', '5.07');
INSERT INTO medii_admitere (cod_specializare, an, medie) VALUES ('301', '2022', '5.25');
INSERT INTO medii_admitere (cod_specializare, an, medie) VALUES ('301', '2021', '3.60');
INSERT INTO medii_admitere (cod_specializare, an, medie) VALUES ('301', '2020', '5.07');INSERT INTO specializari (id_liceu, profil, specializare, limba, bilingv, cod_specializare, medie_actuala) VALUES ('Lic057', 'Tehnic', 'Producție media', 'Limba română', NULL, '162', '4.52');
INSERT INTO medii_admitere (cod_specializare, an, medie) VALUES ('162', '2025', '4.52');
INSERT INTO medii_admitere (cod_specializare, an, medie) VALUES ('162', '2024', '4.32');
INSERT INTO medii_admitere (cod_specializare, an, medie) VALUES ('162', '2023', '5.15');
INSERT INTO medii_admitere (cod_specializare, an, medie) VALUES ('162', '2022', '5.81');
INSERT INTO medii_admitere (cod_specializare, an, medie) VALUES ('162', '2021', '2.92');
INSERT INTO medii_admitere (cod_specializare, an, medie) VALUES ('162', '2020', '6.40');INSERT INTO specializari (id_liceu, profil, specializare, limba, bilingv, cod_specializare, medie_actuala) VALUES ('Lic059', 'Tehnic', 'Electric', 'Limba română', NULL, '302', '5.12');
INSERT INTO medii_admitere (cod_specializare, an, medie) VALUES ('302', '2025', '5.12');
INSERT INTO medii_admitere (cod_specializare, an, medie) VALUES ('302', '2024', '4.32');
INSERT INTO medii_admitere (cod_specializare, an, medie) VALUES ('302', '2023', '4.87');
INSERT INTO medii_admitere (cod_specializare, an, medie) VALUES ('302', '2022', '3.15');
INSERT INTO medii_admitere (cod_specializare, an, medie) VALUES ('302', '2021', '3.65');
INSERT INTO medii_admitere (cod_specializare, an, medie) VALUES ('302', '2020', NULL);INSERT INTO specializari (id_liceu, profil, specializare, limba, bilingv, cod_specializare, medie_actuala) VALUES ('Lic048', 'Tehnic', 'Electric', 'Limba română', NULL, '253', '5.27');
INSERT INTO medii_admitere (cod_specializare, an, medie) VALUES ('253', '2025', '5.27');
INSERT INTO medii_admitere (cod_specializare, an, medie) VALUES ('253', '2024', '4.25');
INSERT INTO medii_admitere (cod_specializare, an, medie) VALUES ('253', '2023', '4.72');
INSERT INTO medii_admitere (cod_specializare, an, medie) VALUES ('253', '2022', NULL);
INSERT INTO medii_admitere (cod_specializare, an, medie) VALUES ('253', '2021', NULL);
INSERT INTO medii_admitere (cod_specializare, an, medie) VALUES ('253', '2020', NULL);INSERT INTO specializari (id_liceu, profil, specializare, limba, bilingv, cod_specializare, medie_actuala) VALUES ('Lic061', 'Tehnic', 'Electric', 'Limba română', NULL, '175', '5.00');
INSERT INTO medii_admitere (cod_specializare, an, medie) VALUES ('175', '2025', '5.00');
INSERT INTO medii_admitere (cod_specializare, an, medie) VALUES ('175', '2024', '4.20');
INSERT INTO medii_admitere (cod_specializare, an, medie) VALUES ('175', '2023', '4.92');
INSERT INTO medii_admitere (cod_specializare, an, medie) VALUES ('175', '2022', '5.29');
INSERT INTO medii_admitere (cod_specializare, an, medie) VALUES ('175', '2021', NULL);
INSERT INTO medii_admitere (cod_specializare, an, medie) VALUES ('175', '2020', NULL);INSERT INTO specializari (id_liceu, profil, specializare, limba, bilingv, cod_specializare, medie_actuala) VALUES ('Lic019', 'Tehnic', 'Mecanică', 'Limba română', NULL, '367', '4.60');
INSERT INTO medii_admitere (cod_specializare, an, medie) VALUES ('367', '2025', '4.60');
INSERT INTO medii_admitere (cod_specializare, an, medie) VALUES ('367', '2024', '4.20');
INSERT INTO medii_admitere (cod_specializare, an, medie) VALUES ('367', '2023', '4.97');
INSERT INTO medii_admitere (cod_specializare, an, medie) VALUES ('367', '2022', '5.32');
INSERT INTO medii_admitere (cod_specializare, an, medie) VALUES ('367', '2021', '3.78');
INSERT INTO medii_admitere (cod_specializare, an, medie) VALUES ('367', '2020', '4.89');INSERT INTO specializari (id_liceu, profil, specializare, limba, bilingv, cod_specializare, medie_actuala) VALUES ('Lic052', 'Tehnic', 'Electric', 'Limba română', NULL, '412', '5.30');
INSERT INTO medii_admitere (cod_specializare, an, medie) VALUES ('412', '2025', '5.30');
INSERT INTO medii_admitere (cod_specializare, an, medie) VALUES ('412', '2024', '4.17');
INSERT INTO medii_admitere (cod_specializare, an, medie) VALUES ('412', '2023', '4.30');
INSERT INTO medii_admitere (cod_specializare, an, medie) VALUES ('412', '2022', '3.50');
INSERT INTO medii_admitere (cod_specializare, an, medie) VALUES ('412', '2021', '4.35');
INSERT INTO medii_admitere (cod_specializare, an, medie) VALUES ('412', '2020', NULL);INSERT INTO specializari (id_liceu, profil, specializare, limba, bilingv, cod_specializare, medie_actuala) VALUES ('Lic073', 'Resurse naturale si protectia mediului', 'Chimie industrială', 'Limba română', NULL, '406', '5.10');
INSERT INTO medii_admitere (cod_specializare, an, medie) VALUES ('406', '2025', '5.10');
INSERT INTO medii_admitere (cod_specializare, an, medie) VALUES ('406', '2024', '4.15');
INSERT INTO medii_admitere (cod_specializare, an, medie) VALUES ('406', '2023', '4.30');
INSERT INTO medii_admitere (cod_specializare, an, medie) VALUES ('406', '2022', '4.65');
INSERT INTO medii_admitere (cod_specializare, an, medie) VALUES ('406', '2021', '4.09');
INSERT INTO medii_admitere (cod_specializare, an, medie) VALUES ('406', '2020', NULL);INSERT INTO specializari (id_liceu, profil, specializare, limba, bilingv, cod_specializare, medie_actuala) VALUES ('Lic029', 'Tehnic', 'Electric', 'Limba română', NULL, '362', '5.02');
INSERT INTO medii_admitere (cod_specializare, an, medie) VALUES ('362', '2025', '5.02');
INSERT INTO medii_admitere (cod_specializare, an, medie) VALUES ('362', '2024', '4.10');
INSERT INTO medii_admitere (cod_specializare, an, medie) VALUES ('362', '2023', '4.75');
INSERT INTO medii_admitere (cod_specializare, an, medie) VALUES ('362', '2022', '4.84');
INSERT INTO medii_admitere (cod_specializare, an, medie) VALUES ('362', '2021', '3.66');
INSERT INTO medii_admitere (cod_specializare, an, medie) VALUES ('362', '2020', '5.81');INSERT INTO specializari (id_liceu, profil, specializare, limba, bilingv, cod_specializare, medie_actuala) VALUES ('Lic022', 'Tehnic', 'Mecanică', 'Limba română', NULL, '160', '4.20');
INSERT INTO medii_admitere (cod_specializare, an, medie) VALUES ('160', '2025', '4.20');
INSERT INTO medii_admitere (cod_specializare, an, medie) VALUES ('160', '2024', '4.00');
INSERT INTO medii_admitere (cod_specializare, an, medie) VALUES ('160', '2023', '5.42');
INSERT INTO medii_admitere (cod_specializare, an, medie) VALUES ('160', '2022', '6.15');
INSERT INTO medii_admitere (cod_specializare, an, medie) VALUES ('160', '2021', '5.18');
INSERT INTO medii_admitere (cod_specializare, an, medie) VALUES ('160', '2020', '5.29');INSERT INTO specializari (id_liceu, profil, specializare, limba, bilingv, cod_specializare, medie_actuala) VALUES ('Lic057', 'Tehnic', 'Tehnici poligrafice', 'Limba română', NULL, '163', '4.32');
INSERT INTO medii_admitere (cod_specializare, an, medie) VALUES ('163', '2025', '4.32');
INSERT INTO medii_admitere (cod_specializare, an, medie) VALUES ('163', '2024', '4.00');
INSERT INTO medii_admitere (cod_specializare, an, medie) VALUES ('163', '2023', '5.05');
INSERT INTO medii_admitere (cod_specializare, an, medie) VALUES ('163', '2022', '5.60');
INSERT INTO medii_admitere (cod_specializare, an, medie) VALUES ('163', '2021', NULL);
INSERT INTO medii_admitere (cod_specializare, an, medie) VALUES ('163', '2020', NULL);INSERT INTO specializari (id_liceu, profil, specializare, limba, bilingv, cod_specializare, medie_actuala) VALUES ('Lic016', 'Real', 'Științe ale Naturii', 'Limba italiană', NULL, '274', '6.77');
INSERT INTO medii_admitere (cod_specializare, an, medie) VALUES ('274', '2025', '6.77');
INSERT INTO medii_admitere (cod_specializare, an, medie) VALUES ('274', '2024', '3.90');
INSERT INTO medii_admitere (cod_specializare, an, medie) VALUES ('274', '2023', '3.10');
INSERT INTO medii_admitere (cod_specializare, an, medie) VALUES ('274', '2022', NULL);
INSERT INTO medii_admitere (cod_specializare, an, medie) VALUES ('274', '2021', NULL);
INSERT INTO medii_admitere (cod_specializare, an, medie) VALUES ('274', '2020', NULL);INSERT INTO specializari (id_liceu, profil, specializare, limba, bilingv, cod_specializare, medie_actuala) VALUES ('Lic020', 'Tehnic', 'Mecanică', 'Limba română', NULL, '242', '4.27');
INSERT INTO medii_admitere (cod_specializare, an, medie) VALUES ('242', '2025', '4.27');
INSERT INTO medii_admitere (cod_specializare, an, medie) VALUES ('242', '2024', '3.85');
INSERT INTO medii_admitere (cod_specializare, an, medie) VALUES ('242', '2023', '4.52');
INSERT INTO medii_admitere (cod_specializare, an, medie) VALUES ('242', '2022', '4.22');
INSERT INTO medii_admitere (cod_specializare, an, medie) VALUES ('242', '2021', '3.64');
INSERT INTO medii_admitere (cod_specializare, an, medie) VALUES ('242', '2020', '4.96');INSERT INTO specializari (id_liceu, profil, specializare, limba, bilingv, cod_specializare, medie_actuala) VALUES ('Lic040', 'Tehnic', 'Mecanică', 'Limba română', NULL, '166', '4.62');
INSERT INTO medii_admitere (cod_specializare, an, medie) VALUES ('166', '2025', '4.62');
INSERT INTO medii_admitere (cod_specializare, an, medie) VALUES ('166', '2024', '3.87');
INSERT INTO medii_admitere (cod_specializare, an, medie) VALUES ('166', '2023', '4.95');
INSERT INTO medii_admitere (cod_specializare, an, medie) VALUES ('166', '2022', '5.60');
INSERT INTO medii_admitere (cod_specializare, an, medie) VALUES ('166', '2021', '4.79');
INSERT INTO medii_admitere (cod_specializare, an, medie) VALUES ('166', '2020', NULL);INSERT INTO specializari (id_liceu, profil, specializare, limba, bilingv, cod_specializare, medie_actuala) VALUES ('Lic023', 'Tehnic', 'Electromecanică', 'Limba română', NULL, '309', '4.27');
INSERT INTO medii_admitere (cod_specializare, an, medie) VALUES ('309', '2025', '4.27');
INSERT INTO medii_admitere (cod_specializare, an, medie) VALUES ('309', '2024', '3.80');
INSERT INTO medii_admitere (cod_specializare, an, medie) VALUES ('309', '2023', '4.40');
INSERT INTO medii_admitere (cod_specializare, an, medie) VALUES ('309', '2022', '4.46');
INSERT INTO medii_admitere (cod_specializare, an, medie) VALUES ('309', '2021', '3.21');
INSERT INTO medii_admitere (cod_specializare, an, medie) VALUES ('309', '2020', '4.92');INSERT INTO specializari (id_liceu, profil, specializare, limba, bilingv, cod_specializare, medie_actuala) VALUES ('Lic073', 'Tehnic', 'Electric', 'Limba română', NULL, '407', '2.25');
INSERT INTO medii_admitere (cod_specializare, an, medie) VALUES ('407', '2025', '2.25');
INSERT INTO medii_admitere (cod_specializare, an, medie) VALUES ('407', '2024', '3.70');
INSERT INTO medii_admitere (cod_specializare, an, medie) VALUES ('407', '2023', NULL);
INSERT INTO medii_admitere (cod_specializare, an, medie) VALUES ('407', '2022', NULL);
INSERT INTO medii_admitere (cod_specializare, an, medie) VALUES ('407', '2021', NULL);
INSERT INTO medii_admitere (cod_specializare, an, medie) VALUES ('407', '2020', '5.40');INSERT INTO specializari (id_liceu, profil, specializare, limba, bilingv, cod_specializare, medie_actuala) VALUES ('Lic059', 'Tehnic', 'Mecanică', 'Limba română', NULL, '303', '4.85');
INSERT INTO medii_admitere (cod_specializare, an, medie) VALUES ('303', '2025', '4.85');
INSERT INTO medii_admitere (cod_specializare, an, medie) VALUES ('303', '2024', '3.42');
INSERT INTO medii_admitere (cod_specializare, an, medie) VALUES ('303', '2023', '4.45');
INSERT INTO medii_admitere (cod_specializare, an, medie) VALUES ('303', '2022', '4.67');
INSERT INTO medii_admitere (cod_specializare, an, medie) VALUES ('303', '2021', '3.53');
INSERT INTO medii_admitere (cod_specializare, an, medie) VALUES ('303', '2020', '4.68');INSERT INTO specializari (id_liceu, profil, specializare, limba, bilingv, cod_specializare, medie_actuala) VALUES ('Lic027', 'Tehnic', 'Mecanică', 'Limba română', NULL, '305', '4.10');
INSERT INTO medii_admitere (cod_specializare, an, medie) VALUES ('305', '2025', '4.10');
INSERT INTO medii_admitere (cod_specializare, an, medie) VALUES ('305', '2024', '3.12');
INSERT INTO medii_admitere (cod_specializare, an, medie) VALUES ('305', '2023', '4.45');
INSERT INTO medii_admitere (cod_specializare, an, medie) VALUES ('305', '2022', '5.13');
INSERT INTO medii_admitere (cod_specializare, an, medie) VALUES ('305', '2021', '3.23');
INSERT INTO medii_admitere (cod_specializare, an, medie) VALUES ('305', '2020', '5.03');INSERT INTO specializari (id_liceu, profil, specializare, limba, bilingv, cod_specializare, medie_actuala) VALUES ('Lic083', 'Tehnic', 'Electronică automatizări', 'Limba română', NULL, '312', '3.67');
INSERT INTO medii_admitere (cod_specializare, an, medie) VALUES ('312', '2025', '3.67');
INSERT INTO medii_admitere (cod_specializare, an, medie) VALUES ('312', '2024', '3.12');
INSERT INTO medii_admitere (cod_specializare, an, medie) VALUES ('312', '2023', '3.90');
INSERT INTO medii_admitere (cod_specializare, an, medie) VALUES ('312', '2022', NULL);
INSERT INTO medii_admitere (cod_specializare, an, medie) VALUES ('312', '2021', NULL);
INSERT INTO medii_admitere (cod_specializare, an, medie) VALUES ('312', '2020', NULL);INSERT INTO specializari (id_liceu, profil, specializare, limba, bilingv, cod_specializare, medie_actuala) VALUES ('Lic083', 'Tehnic', 'Electric', 'Limba română', NULL, '313', '2.85');
INSERT INTO medii_admitere (cod_specializare, an, medie) VALUES ('313', '2025', '2.85');
INSERT INTO medii_admitere (cod_specializare, an, medie) VALUES ('313', '2024', '2.70');
INSERT INTO medii_admitere (cod_specializare, an, medie) VALUES ('313', '2023', '3.90');
INSERT INTO medii_admitere (cod_specializare, an, medie) VALUES ('313', '2022', NULL);
INSERT INTO medii_admitere (cod_specializare, an, medie) VALUES ('313', '2021', '4.22');
INSERT INTO medii_admitere (cod_specializare, an, medie) VALUES ('313', '2020', NULL);INSERT INTO licee (id_liceu, nume, tip, sector, adresa) VALUES ('Lic025', '"Edmond Nicolau"', 'Colegiul Tehnic', 2, 'S2 STR Pompeiu Dimitrie, mat. NR 3');
INSERT INTO specializari (id_liceu, profil, specializare, limba, bilingv, cod_specializare, medie_actuala) VALUES ('Lic025', 'Tehnic', 'Mecanică', 'Limba română', NULL, '235', '2.75');
INSERT INTO medii_admitere (cod_specializare, an, medie) VALUES ('235', '2025', '2.75');
INSERT INTO medii_admitere (cod_specializare, an, medie) VALUES ('235', '2024', '2.57');
INSERT INTO medii_admitere (cod_specializare, an, medie) VALUES ('235', '2023', '4.62');
INSERT INTO medii_admitere (cod_specializare, an, medie) VALUES ('235', '2022', '5.12');
INSERT INTO medii_admitere (cod_specializare, an, medie) VALUES ('235', '2021', '3.77');
INSERT INTO medii_admitere (cod_specializare, an, medie) VALUES ('235', '2020', '5.48');INSERT INTO specializari (id_liceu, profil, specializare, limba, bilingv, cod_specializare, medie_actuala) VALUES ('Lic025', 'Umanist', 'Științe Sociale', 'Limba română', NULL, '233', '6.70');
INSERT INTO medii_admitere (cod_specializare, an, medie) VALUES ('233', '2025', '6.70');
INSERT INTO medii_admitere (cod_specializare, an, medie) VALUES ('233', '2024', '2.57');
INSERT INTO medii_admitere (cod_specializare, an, medie) VALUES ('233', '2023', NULL);
INSERT INTO medii_admitere (cod_specializare, an, medie) VALUES ('233', '2022', NULL);
INSERT INTO medii_admitere (cod_specializare, an, medie) VALUES ('233', '2021', NULL);
INSERT INTO medii_admitere (cod_specializare, an, medie) VALUES ('233', '2020', NULL);INSERT INTO specializari (id_liceu, profil, specializare, limba, bilingv, cod_specializare, medie_actuala) VALUES ('Lic025', 'Tehnic', 'Electric', 'Limba română', NULL, '234', '3.90');
INSERT INTO medii_admitere (cod_specializare, an, medie) VALUES ('234', '2025', '3.90');
INSERT INTO medii_admitere (cod_specializare, an, medie) VALUES ('234', '2024', '2.57');
INSERT INTO medii_admitere (cod_specializare, an, medie) VALUES ('234', '2023', NULL);
INSERT INTO medii_admitere (cod_specializare, an, medie) VALUES ('234', '2022', NULL);
INSERT INTO medii_admitere (cod_specializare, an, medie) VALUES ('234', '2021', NULL);
INSERT INTO medii_admitere (cod_specializare, an, medie) VALUES ('234', '2020', NULL);INSERT INTO specializari (id_liceu, profil, specializare, limba, bilingv, cod_specializare, medie_actuala) VALUES ('Lic025', 'Servicii', 'Economic', 'Limba română', NULL, '237', '6.10');
INSERT INTO medii_admitere (cod_specializare, an, medie) VALUES ('237', '2025', '6.10');
INSERT INTO medii_admitere (cod_specializare, an, medie) VALUES ('237', '2024', '2.57');
INSERT INTO medii_admitere (cod_specializare, an, medie) VALUES ('237', '2023', NULL);
INSERT INTO medii_admitere (cod_specializare, an, medie) VALUES ('237', '2022', NULL);
INSERT INTO medii_admitere (cod_specializare, an, medie) VALUES ('237', '2021', NULL);
INSERT INTO medii_admitere (cod_specializare, an, medie) VALUES ('237', '2020', NULL);INSERT INTO specializari (id_liceu, profil, specializare, limba, bilingv, cod_specializare, medie_actuala) VALUES ('Lic025', 'Servicii', 'Turism și alimentație', 'Limba română', NULL, '238', '5.77');
INSERT INTO medii_admitere (cod_specializare, an, medie) VALUES ('238', '2025', '5.77');
INSERT INTO medii_admitere (cod_specializare, an, medie) VALUES ('238', '2024', '2.57');
INSERT INTO medii_admitere (cod_specializare, an, medie) VALUES ('238', '2023', NULL);
INSERT INTO medii_admitere (cod_specializare, an, medie) VALUES ('238', '2022', NULL);
INSERT INTO medii_admitere (cod_specializare, an, medie) VALUES ('238', '2021', NULL);
INSERT INTO medii_admitere (cod_specializare, an, medie) VALUES ('238', '2020', NULL);INSERT INTO specializari (id_liceu, profil, specializare, limba, bilingv, cod_specializare, medie_actuala) VALUES ('Lic048', 'Tehnic', 'Mecanică', 'Limba română', NULL, '254', '2.40');
INSERT INTO medii_admitere (cod_specializare, an, medie) VALUES ('254', '2025', '2.40');
INSERT INTO medii_admitere (cod_specializare, an, medie) VALUES ('254', '2024', '2.80');
INSERT INTO medii_admitere (cod_specializare, an, medie) VALUES ('254', '2023', '4.37');
INSERT INTO medii_admitere (cod_specializare, an, medie) VALUES ('254', '2022', '3.46');
INSERT INTO medii_admitere (cod_specializare, an, medie) VALUES ('254', '2021', '3.81');
INSERT INTO medii_admitere (cod_specializare, an, medie) VALUES ('254', '2020', '5.82');INSERT INTO specializari (id_liceu, profil, specializare, limba, bilingv, cod_specializare, medie_actuala) VALUES ('Lic025', 'Tehnic', 'Electronică automatizări', 'Limba română', NULL, '236', '2.42');
INSERT INTO medii_admitere (cod_specializare, an, medie) VALUES ('236', '2025', '2.42');
INSERT INTO medii_admitere (cod_specializare, an, medie) VALUES ('236', '2024', '2.80');
INSERT INTO medii_admitere (cod_specializare, an, medie) VALUES ('236', '2023', '4.35');
INSERT INTO medii_admitere (cod_specializare, an, medie) VALUES ('236', '2022', '4.13');
INSERT INTO medii_admitere (cod_specializare, an, medie) VALUES ('236', '2021', '4.12');
INSERT INTO medii_admitere (cod_specializare, an, medie) VALUES ('236', '2020', NULL);INSERT INTO specializari (id_liceu, profil, specializare, limba, bilingv, cod_specializare, medie_actuala) VALUES ('Lic015', 'Tehnic', 'Mecanică', 'Limba română', NULL, '341', '2.75');
INSERT INTO medii_admitere (cod_specializare, an, medie) VALUES ('341', '2025', '2.75');
INSERT INTO medii_admitere (cod_specializare, an, medie) VALUES ('341', '2024', '2.77');
INSERT INTO medii_admitere (cod_specializare, an, medie) VALUES ('341', '2023', '4.02');
INSERT INTO medii_admitere (cod_specializare, an, medie) VALUES ('341', '2022', '2.87');
INSERT INTO medii_admitere (cod_specializare, an, medie) VALUES ('341', '2021', NULL);
INSERT INTO medii_admitere (cod_specializare, an, medie) VALUES ('341', '2020', '4.68');INSERT INTO specializari (id_liceu, profil, specializare, limba, bilingv, cod_specializare, medie_actuala) VALUES ('Lic010', 'Tehnic', 'Mecanică', 'Limba română', NULL, '425', '1.85');
INSERT INTO medii_admitere (cod_specializare, an, medie) VALUES ('425', '2025', '1.85');
INSERT INTO medii_admitere (cod_specializare, an, medie) VALUES ('425', '2024', '2.57');
INSERT INTO medii_admitere (cod_specializare, an, medie) VALUES ('425', '2023', '4.20');
INSERT INTO medii_admitere (cod_specializare, an, medie) VALUES ('425', '2022', '4.04');
INSERT INTO medii_admitere (cod_specializare, an, medie) VALUES ('425', '2021', '4.38');
INSERT INTO medii_admitere (cod_specializare, an, medie) VALUES ('425', '2020', '5.16');INSERT INTO specializari (id_liceu, profil, specializare, limba, bilingv, cod_specializare, medie_actuala) VALUES ('Lic090', 'Resurse naturale si protectia mediului', 'Agricultură', 'Limba română', NULL, '182', '2.25');
INSERT INTO medii_admitere (cod_specializare, an, medie) VALUES ('182', '2025', '2.25');
INSERT INTO medii_admitere (cod_specializare, an, medie) VALUES ('182', '2024', '2.50');
INSERT INTO medii_admitere (cod_specializare, an, medie) VALUES ('182', '2023', '4.67');
INSERT INTO medii_admitere (cod_specializare, an, medie) VALUES ('182', '2022', '5.25');
INSERT INTO medii_admitere (cod_specializare, an, medie) VALUES ('182', '2021', '3.56');
INSERT INTO medii_admitere (cod_specializare, an, medie) VALUES ('182', '2020', '5.70');INSERT INTO specializari (id_liceu, profil, specializare, limba, bilingv, cod_specializare, medie_actuala) VALUES ('Lic052', 'Tehnic', 'Mecanică', 'Limba română', NULL, '413', '4.75');
INSERT INTO medii_admitere (cod_specializare, an, medie) VALUES ('413', '2025', '4.75');
INSERT INTO medii_admitere (cod_specializare, an, medie) VALUES ('413', '2024', '2.47');
INSERT INTO medii_admitere (cod_specializare, an, medie) VALUES ('413', '2023', '4.05');
INSERT INTO medii_admitere (cod_specializare, an, medie) VALUES ('413', '2022', '3.80');
INSERT INTO medii_admitere (cod_specializare, an, medie) VALUES ('413', '2021', '4.08');
INSERT INTO medii_admitere (cod_specializare, an, medie) VALUES ('413', '2020', '5.47');INSERT INTO specializari (id_liceu, profil, specializare, limba, bilingv, cod_specializare, medie_actuala) VALUES ('Lic083', 'Tehnic', 'Mecanică', 'Limba română', NULL, '311', '2.05');
INSERT INTO medii_admitere (cod_specializare, an, medie) VALUES ('311', '2025', '2.05');
INSERT INTO medii_admitere (cod_specializare, an, medie) VALUES ('311', '2024', '2.05');
INSERT INTO medii_admitere (cod_specializare, an, medie) VALUES ('311', '2023', '3.95');
INSERT INTO medii_admitere (cod_specializare, an, medie) VALUES ('311', '2022', NULL);
INSERT INTO medii_admitere (cod_specializare, an, medie) VALUES ('311', '2021', NULL);
INSERT INTO medii_admitere (cod_specializare, an, medie) VALUES ('311', '2020', '4.84');INSERT INTO specializari (id_liceu, profil, specializare, limba, bilingv, cod_specializare, medie_actuala) VALUES ('Lic029', 'Tehnic', 'Mecanică', 'Limba română', NULL, '363', '3.85');
INSERT INTO medii_admitere (cod_specializare, an, medie) VALUES ('363', '2025', '3.85');
INSERT INTO medii_admitere (cod_specializare, an, medie) VALUES ('363', '2024', '2.10');
INSERT INTO medii_admitere (cod_specializare, an, medie) VALUES ('363', '2023', '4.67');
INSERT INTO medii_admitere (cod_specializare, an, medie) VALUES ('363', '2022', '5.07');
INSERT INTO medii_admitere (cod_specializare, an, medie) VALUES ('363', '2021', '4.29');
INSERT INTO medii_admitere (cod_specializare, an, medie) VALUES ('363', '2020', '5.07');INSERT INTO licee (id_liceu, nume, tip, sector, adresa) VALUES ('Lic024', '"Dumitru Moțoc"', 'Colegiul Tehnic de Industrie Alimentară', 5, 'S5 STR Spătarul Preda NR 16');
INSERT INTO specializari (id_liceu, profil, specializare, limba, bilingv, cod_specializare, medie_actuala) VALUES ('Lic024', 'Resurse naturale si protectia mediului', 'Industrie alimentară', 'Limba română', NULL, '364', '2.40');
INSERT INTO medii_admitere (cod_specializare, an, medie) VALUES ('364', '2025', '2.40');
INSERT INTO medii_admitere (cod_specializare, an, medie) VALUES ('364', '2024', '2.05');
INSERT INTO medii_admitere (cod_specializare, an, medie) VALUES ('364', '2023', '4.75');
INSERT INTO medii_admitere (cod_specializare, an, medie) VALUES ('364', '2022', '5.54');
INSERT INTO medii_admitere (cod_specializare, an, medie) VALUES ('364', '2021', '3.04');
INSERT INTO medii_admitere (cod_specializare, an, medie) VALUES ('364', '2020', '5.18');INSERT INTO specializari (id_liceu, profil, specializare, limba, bilingv, cod_specializare, medie_actuala) VALUES ('Lic064', 'Tehnic', 'Mecanică', 'Limba română', NULL, '177', '2.37');
INSERT INTO medii_admitere (cod_specializare, an, medie) VALUES ('177', '2025', '2.37');
INSERT INTO medii_admitere (cod_specializare, an, medie) VALUES ('177', '2024', '1.92');
INSERT INTO medii_admitere (cod_specializare, an, medie) VALUES ('177', '2023', '4.12');
INSERT INTO medii_admitere (cod_specializare, an, medie) VALUES ('177', '2022', '2.89');
INSERT INTO medii_admitere (cod_specializare, an, medie) VALUES ('177', '2021', '2.60');
INSERT INTO medii_admitere (cod_specializare, an, medie) VALUES ('177', '2020', '5.01');INSERT INTO licee (id_liceu, nume, tip, sector, adresa) VALUES ('Lic021', '"Dimitrie Paciurea"', 'Liceul', 1, 'S1 STR Băiculești NR 29');
INSERT INTO specializari (id_liceu, profil, specializare, limba, bilingv, cod_specializare, medie_actuala) VALUES ('Lic021', 'Umanist', 'Filologie', 'Limba română', NULL, '183', '7.65');
INSERT INTO medii_admitere (cod_specializare, an, medie) VALUES ('183', '2025', '7.65');
INSERT INTO medii_admitere (cod_specializare, an, medie) VALUES ('183', '2024', NULL);
INSERT INTO medii_admitere (cod_specializare, an, medie) VALUES ('183', '2023', '8.00');
INSERT INTO medii_admitere (cod_specializare, an, medie) VALUES ('183', '2022', '8.08');
INSERT INTO medii_admitere (cod_specializare, an, medie) VALUES ('183', '2021', '6.72');
INSERT INTO medii_admitere (cod_specializare, an, medie) VALUES ('183', '2020', '7.98');INSERT INTO licee (id_liceu, nume, tip, sector, adresa) VALUES ('Lic100', '"Logos"', 'Liceul Teologic Baptist', 3, 'S3 STR Costin D. Nenițescu');
INSERT INTO specializari (id_liceu, profil, specializare, limba, bilingv, cod_specializare, medie_actuala) VALUES ('Lic100', 'Real', 'Matematică-Informatică', 'Limba română', NULL, '314', '7.27');
INSERT INTO medii_admitere (cod_specializare, an, medie) VALUES ('314', '2025', '7.27');
INSERT INTO medii_admitere (cod_specializare, an, medie) VALUES ('314', '2024', NULL);
INSERT INTO medii_admitere (cod_specializare, an, medie) VALUES ('314', '2023', NULL);
INSERT INTO medii_admitere (cod_specializare, an, medie) VALUES ('314', '2022', NULL);
INSERT INTO medii_admitere (cod_specializare, an, medie) VALUES ('314', '2021', NULL);
INSERT INTO medii_admitere (cod_specializare, an, medie) VALUES ('314', '2020', NULL);INSERT INTO licee (id_liceu, nume, tip, sector, adresa) VALUES ('Lic080', '"Spiru Haret"-UCECOM', 'Colegiul UCECOM', 6, 'S6 STR Economu Cezarescu nr. 47-59');
INSERT INTO licee (id_liceu, nume, tip, sector, adresa) VALUES ('Lic097', 'Internațional Ioanid', 'Liceul Particular', 1, 'S1 STR NICOLAE IORGA 21 010433');
